Rk,Player,Pos,Age,Tm,G,MP,PER,TS%,3PAr,FTr,ORB%,DRB%,TRB%,AST%,STL%,BLK%,TOV%,USG%,OWS,DWS,WS,WS/48,OBPM,DBPM,BPM,VORP,eFG%,FT,FTA,PTS,FG
1,Alex Abrines\abrinal01,SG,25,OKC,29,573,6.5,0.51,0.81,0.085,0.9,7.7,4.2,4.4,1.4,0.9,8.1,12.3,0.1,0.6,0.7,0.061,-2.3,-0.6,-2.9,-0.1,0.49,12,13,162,55
2,Quincy Acy\acyqu01,PF,28,PHO,6,50,-1.9,0.193,1,0.667,4.4,9.2,6.8,2.4,1,1.7,11.4,7.6,-0.1,0,-0.1,-0.082,-6.6,-1,-7.5,-0.1,0,3,4,3,0
3,Jaylen Adams\adamsja01,PG,22,ATL,9,43,7.9,0.4,0.6,0,0,7.6,3.7,18.1,3.2,2,9.1,10.4,0,0,0,0.038,-4.1,-0.2,-4.3,0,0.4,0,0,8,3
4,Steven Adams\adamsst01,C,25,OKC,44,1507,20.2,0.612,0.002,0.437,13.9,16.7,15.3,7.1,2.1,1.9,11.1,16.8,3.6,2.5,6.1,0.195,1.3,2.1,3.4,2,0.609,113,203,679,283
5,Bam Adebayo\adebaba01,C,21,MIA,44,967,17.2,0.602,0.034,0.496,10,22,16,14.3,1.6,3.4,17,15.3,1.7,1.6,3.3,0.162,-0.6,3.3,2.7,1.1,0.553,85,117,346,130
6,Deng Adel\adelde01,F,21,CLE,1,5,37.1,1.5,1,0,21.6,23.3,22.4,0,0,0,0,8.9,0,0,0,0.342,13.7,-9.9,3.8,0,1.5,0,0,3,1
7,DeVaughn Akoon-Purcell\akoonde01,SG,25,DEN,7,22,8.5,0.322,0.4,0.2,4.9,14.9,9.9,37.1,4.5,0,15.5,25.1,-0.1,0,0,-0.05,-4.1,0.5,-3.5,0,0.3,1,2,7,3
8,LaMarcus Aldridge\aldrila01,C,33,SAS,47,1530,21.9,0.565,0.02,0.321,9.7,19,14.4,12.3,0.8,3.1,9.4,27.3,3.1,1.6,4.7,0.148,0.8,0.2,1,1.2,0.509,203,241,967,381
9,Rawle Alkins\alkinra01,SG,21,CHI,2,4,61.2,0.375,0.25,0,80.8,0,40.8,92.5,12.2,0,0,44.3,0,0,0,0.534,43.8,22.2,66,0.1,0.375,0,0,3,1
10,Grayson Allen\allengr01,SG,23,UTA,21,237,4.5,0.47,0.633,0.333,0.5,2.7,1.6,9.1,0.4,0.7,11.9,21.4,-0.3,0.2,-0.1,-0.019,-4.2,-3.6,-7.8,-0.4,0.411,23,30,97,29
11,Jarrett Allen\allenja01,C,20,BRK,45,1213,20.1,0.627,0.08,0.481,10.6,24.5,17.5,8.1,1,4.7,12.2,17,2.9,1.6,4.5,0.178,0.1,2.7,2.8,1.5,0.582,124,168,530,201
12,Al-Farouq Aminu\aminual01,PF,28,POR,47,1414,13.1,0.568,0.51,0.29,5.7,22.5,14.3,4.9,1.6,1,8.9,13.2,1.8,1.8,3.6,0.122,0.1,1,1.1,1.1,0.52,86,103,455,152
13,Justin Anderson\anderju01,SG,25,ATL,24,204,9.1,0.476,0.449,0.217,5.1,14.3,9.6,7.6,2,2.9,13.7,17.4,-0.1,0.2,0,0.01,-4.2,-0.2,-4.4,-0.1,0.442,11,15,72,27
14,Kyle Anderson\anderky01,SF,25,MEM,41,1217,13.3,0.569,0.132,0.229,4,18.9,11.3,15.5,2.2,2.8,15.2,12.6,0.9,1.8,2.7,0.106,-1.9,3.5,1.7,1.1,0.56,34,59,323,140
15,Ryan Anderson\anderry01,PF,30,PHO,15,278,4.7,0.423,0.567,0.233,5.6,12.9,9.1,8.1,0.5,0.3,15.4,12.2,-0.2,0,-0.2,-0.034,-4.2,-1.9,-6.1,-0.3,0.375,11,14,56,19
16,Ike Anigbogu\anigbik01,C,20,IND,3,6,-6,0,0,0,19.1,36.2,27.9,19.1,0,14.9,25,29.1,-0.1,0,-0.1,-0.47,-22.4,8.6,-13.8,0,0,0,0,0,0
17,Giannis Antetokounmpo\antetgi01,PF,24,MIL,42,1386,29.3,0.631,0.137,0.541,7.8,30.2,19.7,29.8,2,3.8,16,31.8,4.4,3.3,7.7,0.267,4.6,5.3,9.9,4.2,0.593,268,383,1107,411
18,Carmelo Anthony\anthoca01,PF,34,HOU,10,294,11.2,0.513,0.529,0.182,3.4,17.9,10.4,2.7,0.7,2,5.8,20.7,0.1,0.2,0.2,0.039,-2.9,-3.4,-6.2,-0.3,0.492,15,22,134,49
19,OG Anunoby\anunoog01,SF,21,TOR,39,815,9.9,0.524,0.504,0.14,4.2,11.3,7.8,4.7,1.5,1,8.8,16.3,0.2,0.9,1,0.06,-1.1,-0.5,-1.6,0.1,0.528,15,37,294,117
20,Ryan Arcidiacono\arcidry01,PG,24,CHI,45,1172,10.9,0.604,0.671,0.208,1.1,9.1,5.1,18.9,1.9,0.1,13.9,10.4,1.5,0.6,2.1,0.085,-0.2,-0.8,-1,0.3,0.567,40,45,285,94
21,Trevor Ariza\arizatr01,SF,33,TOT,41,1458,10.7,0.506,0.602,0.188,2.2,16,8.9,14.6,2.1,0.6,13.3,15.9,0,0.9,0.9,0.029,-1,0.1,-0.9,0.4,0.471,66,81,473,160
21,Trevor Ariza\arizatr01,SF,33,PHO,26,884,10.7,0.525,0.612,0.189,2,16.8,9.3,13.5,2.1,0.8,13.7,14,0.2,0.5,0.7,0.04,-1,0.5,-0.5,0.3,0.489,36,43,258,86
21,Trevor Ariza\arizatr01,SF,33,WAS,15,574,10.7,0.485,0.59,0.185,2.4,14.6,8.4,16.3,2.2,0.3,13,18.9,-0.2,0.4,0.2,0.013,-1,-0.5,-1.5,0.1,0.451,30,38,215,74
22,D.J. Augustin\augusdj01,PG,31,ORL,45,1259,15.3,0.629,0.486,0.336,1.9,6.5,4.1,25.3,0.9,0,14,16.9,2.8,0.6,3.4,0.129,1.8,-2.8,-1.1,0.3,0.574,107,121,520,169
23,Deandre Ayton\aytonde01,C,20,PHO,47,1448,21.5,0.619,0.004,0.22,11.4,27.6,19.3,11.1,1.2,2.7,11.8,21.1,3.2,1.3,4.5,0.148,0.8,0.7,1.5,1.3,0.594,96,125,770,337
24,Dwayne Bacon\bacondw01,SG,23,CHO,22,242,12.1,0.629,0.278,0.152,0.9,14.8,7.8,9.8,0.6,0,12.5,17.1,0.3,0.1,0.4,0.081,-1.5,-2.5,-4,-0.1,0.608,10,12,106,42
25,Marvin Bagley\baglema01,PF,19,SAC,32,739,17.5,0.58,0.117,0.434,10,18.5,14.2,5.5,1,3.5,13.3,22.4,0.8,0.7,1.5,0.1,-1.4,-0.4,-1.8,0,0.55,82,126,401,154
26,Ron Baker\bakerro01,SG,25,TOT,15,152,2.6,0.309,0.65,0.3,0.7,7.3,3.9,12.6,1.9,0.6,18.1,7.7,-0.2,0.1,-0.1,-0.037,-5.6,-0.8,-6.4,-0.2,0.225,5,6,14,4
26,Ron Baker\bakerro01,SG,25,NYK,11,107,4.5,0.376,0.563,0.375,0.9,6.1,3.4,15.7,2.2,0,13.9,8.5,0,0,0,-0.001,-4.2,-1.4,-5.7,-0.1,0.281,5,6,14,4
26,Ron Baker\bakerro01,SG,25,WAS,4,45,-1.9,0,1,0,0,9.9,4.9,5.2,1.1,1.9,33.3,5.7,-0.1,0,-0.1,-0.121,-9,0.8,-8.1,-0.1,0,0,0,0,0
27,Wade Baldwin\baldwwa01,PG,22,POR,13,72,2.4,0.422,0.269,0.423,1.5,11.4,6.6,18.7,0,2.2,26.3,24.7,-0.3,0,-0.2,-0.148,-9.1,-2.1,-11.1,-0.2,0.346,8,11,26,8
28,Lonzo Ball\balllo01,PG,21,LAL,47,1423,11.9,0.487,0.5,0.105,4,13.7,9,23.8,2.3,1.1,17.8,16.9,-0.1,2,1.9,0.063,-0.8,1.7,0.9,1,0.488,20,48,465,185
29,Mohamed Bamba\bambamo01,C,20,ORL,41,680,14.9,0.527,0.299,0.253,8.6,24.3,16.3,8.3,0.9,6.9,13.1,18.4,0.1,1.1,1.2,0.084,-3.3,2.9,-0.4,0.3,0.518,30,56,259,105
30,J.J. Barea\bareajo01,PG,34,DAL,38,752,16.5,0.495,0.332,0.203,1.9,11.5,6.8,47.7,1.4,0.1,14.7,27.8,0.5,0.6,1.2,0.074,1.3,-2.1,-0.8,0.2,0.468,55,78,415,161
31,Harrison Barnes\barneha02,SF,26,DAL,41,1322,14.1,0.552,0.443,0.283,2.6,11.3,7,5.6,1.1,0.6,7.6,23.4,1.3,1,2.4,0.086,-0.1,-2.1,-2.2,-0.1,0.501,143,169,742,246
32,Will Barton\bartowi01,SG,28,DEN,6,128,12.6,0.522,0.455,0.182,3.4,17.1,10.2,17.7,0.4,2.1,11.9,22.6,0.1,0.1,0.2,0.079,-1,-1.6,-2.6,0,0.482,9,10,62,21
33,Keita Bates-Diop\bateske01,SF,23,MIN,3,25,-4.6,0.222,0.444,0,0,17.4,8.5,0,0,3.4,10,16.9,-0.1,0,-0.1,-0.219,-13.4,-3.8,-17.2,-0.1,0.222,0,0,4,2
34,Nicolas Batum\batumni01,SF,30,CHO,45,1377,11.8,0.587,0.476,0.179,3,15.1,9,15.1,1.5,1.2,17.7,13,1.2,1.2,2.4,0.082,-0.1,1,0.9,1,0.556,49,57,404,147
35,Jerryd Bayless\bayleje01,PG,30,MIN,8,78,0.9,0.282,0.444,0.111,2.7,5.6,4.1,18.3,1.8,0,15,18,-0.3,0,-0.2,-0.143,-7.2,-2.7,-9.9,-0.2,0.278,1,3,16,6
36,Aron Baynes\baynear01,C,32,BOS,28,409,15.9,0.582,0.336,0.319,13.5,19.4,16.4,11.2,0.5,3.3,13.9,16.7,0.9,0.6,1.4,0.169,0.3,1,1.3,0.3,0.525,33,38,158,56
37,Kent Bazemore\bazemke01,SG,29,ATL,35,959,14.5,0.546,0.411,0.272,2.2,13.4,7.7,14.6,2.9,2.8,14,22.1,0.2,1,1.2,0.061,-0.8,0.9,0.1,0.5,0.509,82,109,490,177
38,Bradley Beal\bealbr01,SG,25,WAS,45,1672,19.4,0.568,0.368,0.238,3.2,11.8,7.5,22.2,1.7,1.9,11.3,28.3,2.3,0.9,3.2,0.093,2.8,-1.1,1.7,1.6,0.534,167,212,1119,418
39,Malik Beasley\beaslma01,SG,22,DEN,45,1040,13.8,0.609,0.541,0.062,2.1,10.3,6.2,7.7,1.3,0.5,6.6,16.8,1.7,0.8,2.5,0.117,1.5,-1.8,-0.3,0.4,0.597,21,23,463,179
40,Michael Beasley\beaslmi01,PF,30,LAL,19,185,17.7,0.564,0.132,0.292,4,15.5,9.9,12,1.8,2.6,14.3,31.3,0,0.3,0.2,0.061,-3.1,-1,-4.1,-0.1,0.533,22,31,135,55
41,Marco Belinelli\belinma01,SG,32,SAS,45,1002,13.5,0.565,0.566,0.208,1,10.2,5.6,11.7,1.2,0.5,8.1,20.7,1.2,0.7,1.8,0.088,1.5,-2.4,-0.9,0.3,0.523,74,82,486,163
42,Jordan Bell\belljo01,C,24,GSW,43,474,13.6,0.554,0.01,0.212,7.1,17.1,12.3,13,1.4,6.1,16.9,11.8,0.5,0.6,1.1,0.115,-2.3,3.3,1,0.4,0.535,14,21,120,53
43,DeAndre' Bembry\bembrde01,SG,24,ATL,45,1121,10.2,0.501,0.308,0.228,2.4,16.7,9.4,14.9,2.4,1.9,17,17.5,-0.7,1.1,0.4,0.018,-3.4,1.2,-2.2,-0.1,0.482,50,83,401,158
44,Dragan Bender\bendedr01,PF,21,PHO,14,108,5.2,0.432,0.593,0.259,5.1,13.9,9.4,8.8,0.4,0.8,16.6,14.5,-0.1,0,-0.1,-0.048,-5,-2.6,-7.6,-0.2,0.37,6,7,26,9
45,Davis Bertans\bertada01,PF,26,SAS,43,861,14.9,0.699,0.771,0.119,2.2,16.6,9.5,7.4,1.1,2,8.8,13.5,1.8,0.8,2.7,0.148,3.1,-0.2,2.9,1.1,0.685,23,27,334,113
46,Patrick Beverley\beverpa01,PG,30,LAC,45,1122,9.4,0.519,0.597,0.286,3.2,13.2,8.4,17.4,1.1,1.4,14.9,12.4,0.8,0.7,1.5,0.066,0.1,0.4,0.5,0.7,0.478,53,71,290,92
47,Khem Birch\birchkh01,C,26,ORL,20,178,16.5,0.572,0.026,0.5,9,20.6,14.7,8.8,1.7,4.7,7.9,12.5,0.3,0.3,0.6,0.162,-2.3,2.9,0.6,0.1,0.5,15,19,53,19
48,Bismack Biyombo\biyombi01,C,26,CHO,20,271,16.9,0.598,0,0.45,12.2,24.3,18.2,5.6,0.9,7.7,13.3,13.1,0.5,0.4,0.9,0.156,-2.2,3.5,1.3,0.2,0.583,16,27,86,35
49,Nemanja Bjelica\bjeline01,PF,30,SAC,46,1117,15.7,0.598,0.437,0.165,6.6,18.8,12.6,11.7,1.5,2.8,12.9,16.7,1.7,1.2,2.8,0.122,1.2,1.3,2.5,1.3,0.577,47,60,467,177
50,Antonio Blakeney\blakean01,SG,22,CHI,35,549,11.8,0.509,0.257,0.199,1,11.4,6.1,6,0.9,1.1,7.8,25.9,-0.5,0.2,-0.3,-0.024,-4.2,-3.9,-8.1,-0.8,0.485,37,54,301,116
51,Eric Bledsoe\bledser01,PG,29,MIL,45,1313,19.3,0.584,0.386,0.234,3.8,11.5,7.9,27.4,2.3,1.2,13.5,22.4,2.7,2.2,4.9,0.181,2.7,1,3.6,1.9,0.556,97,128,705,271
52,Jaron Blossomgame\blossja01,SF,25,CLE,21,363,11.3,0.559,0.37,0.136,6,19.6,12.5,4.4,1,1.4,9.5,11.6,0.3,0,0.4,0.046,-2,-1.5,-3.5,-0.1,0.537,9,11,96,39
53,Bogdan Bogdanovic\bogdabo01,SG,26,SAC,34,948,15,0.547,0.425,0.18,1.5,11.8,6.6,20.2,1.5,0.6,11.4,23.4,0.8,0.6,1.4,0.073,1.1,-1.7,-0.6,0.3,0.517,64,79,517,192
54,Bojan Bogdanovic\bogdabo02,SF,29,IND,45,1425,14.8,0.616,0.391,0.29,1.9,12,7.1,7.8,1.3,0,10.7,20,2,1.7,3.7,0.126,1,-1.1,-0.1,0.7,0.575,123,150,718,254
55,Jonah Bolden\boldejo01,PF,23,PHI,22,283,9.8,0.591,0.547,0.25,8.2,21.9,15.3,6.2,0.8,4.2,24.5,14,-0.1,0.4,0.3,0.058,-3.1,1.1,-2,0,0.602,7,16,84,33
56,Isaac Bonga\bongais01,PG,19,LAL,6,22,9.8,0.322,0.125,0.375,9.6,9,9.3,22.9,6.4,0,17.7,21.3,-0.1,0,0,-0.025,-5.4,3.3,-2.1,0,0.25,2,3,6,2
57,Devin Booker\bookede01,SG,22,PHO,34,1191,18.7,0.561,0.357,0.313,1.9,10.1,5.9,34.9,1.3,0.4,14.7,32,1.2,0.2,1.5,0.06,3.4,-3.1,0.3,0.7,0.508,172,206,840,296
58,Chris Boucher\bouchch01,PF,26,TOR,14,71,27.2,0.576,0.556,0.25,12.4,19.3,16,0,1.4,18.1,4.8,25.5,0.2,0.2,0.4,0.246,-0.5,2.5,2,0.1,0.542,7,9,46,15
59,Avery Bradley\bradlav01,SG,28,LAC,39,1125,4.9,0.449,0.384,0.053,2.4,6.2,4.4,8.9,0.9,1,13.2,14.2,-1,0.4,-0.7,-0.028,-2.7,-0.7,-3.4,-0.4,0.438,14,17,294,121
60,Tony Bradley\bradlto01,C,21,UTA,1,9,-10.4,0,0,0,24.6,12,18.2,0,0,0,25,19.2,-0.1,0,-0.1,-0.341,-17.4,-5.4,-22.8,0,0,0,0,0,0
61,Corey Brewer\breweco01,SG,32,PHI,1,8,25.4,0.75,0.5,0,0,25.8,13.4,34.3,5.9,0,0,10.5,0,0,0.1,0.355,5.3,3,8.3,0,0.75,0,0,3,1
62,Mikal Bridges\bridgmi01,SF,22,PHO,47,1236,10.8,0.555,0.568,0.162,2.4,10.2,6.2,8.4,2.6,1.7,9.7,12.6,0.8,0.8,1.5,0.06,-0.6,0.6,0,0.6,0.525,42,49,360,129
63,Miles Bridges\bridgmi02,SF,20,CHO,43,832,12,0.532,0.412,0.204,3.2,17.2,10.1,7.4,1.2,2.8,8.1,15.3,0.5,0.8,1.3,0.075,-1.8,0.4,-1.4,0.1,0.504,38,51,290,111
64,Isaiah Briscoe\briscis01,PG,22,ORL,24,254,5.9,0.454,0.225,0.197,0.8,10.9,5.8,20.3,0.6,0,14.4,15.7,-0.2,0.1,-0.1,-0.01,-5.3,-2.3,-7.7,-0.4,0.451,6,14,70,29
65,Ryan Broekhoff\broekry01,SG,28,DAL,18,111,10.9,0.568,0.784,0.054,2,12.3,7.3,9.6,0.4,1.5,11.7,16.5,0.1,0.1,0.1,0.063,-1,-1.9,-3,0,0.554,2,2,43,16
66,Malcolm Brogdon\brogdma01,SG,26,MIL,42,1230,17.6,0.626,0.316,0.193,3.7,11.9,8.1,16.6,1,0.7,11.7,20.3,2.8,1.6,4.4,0.17,1.8,-0.2,1.6,1.1,0.586,89,93,653,250
67,Dillon Brooks\brookdi01,SF,23,MEM,18,330,7.8,0.499,0.328,0.246,3.1,7.8,5.4,7.8,1.5,1.2,12.3,21.4,-0.3,0.3,-0.1,-0.007,-4.1,-1.8,-5.9,-0.3,0.463,22,30,135,49
68,MarShon Brooks\brookma01,SG,30,MEM,29,387,11.9,0.518,0.32,0.195,3.5,10,6.7,11.2,1.2,1,10.3,24.2,-0.2,0.3,0.1,0.015,-2.8,-2.5,-5.4,-0.3,0.494,23,33,190,76
69,Bruce Brown\brownbr01,SG,22,DET,38,764,7.8,0.473,0.291,0.206,4.2,11.9,7.9,9.9,1.3,2,12,13.1,0,0.8,0.8,0.048,-3.5,1.4,-2,0,0.437,30,39,195,75
70,Jaylen Brown\brownja02,SG,22,BOS,41,1071,12.1,0.524,0.352,0.272,4,13.2,8.6,8.1,1.6,2.1,11.3,21.7,-0.1,1.5,1.4,0.063,-2.2,0.1,-2.1,0,0.496,77,116,500,188
71,Lorenzo Brown\brownlo01,PG,28,TOR,26,212,6.5,0.38,0.394,0.042,2.6,12.9,7.9,17.2,2.7,1.9,18.1,18,-0.5,0.3,-0.1,-0.031,-5.5,1.4,-4.1,-0.1,0.366,3,3,55,23
72,Sterling Brown\brownst02,SG,23,MIL,35,547,11.5,0.579,0.521,0.086,3.6,15.4,9.9,11,1,0.6,12,14.8,0.5,0.8,1.3,0.114,-0.9,0,-0.9,0.1,0.571,10,14,196,77
73,Troy Brown\browntr01,SF,19,WAS,23,168,12,0.474,0.222,0.259,2.6,17.3,9.8,17.9,2.3,0.5,9.1,16.8,0,0.1,0.2,0.05,-3.4,-0.8,-4.2,-0.1,0.426,11,14,57,21
74,Jalen Brunson\brunsja01,PG,22,DAL,38,645,10.9,0.511,0.311,0.203,1.9,8.7,5.3,19,1.5,0.1,11.7,18.1,0.3,0.5,0.8,0.057,-2,-1.4,-3.4,-0.2,0.486,31,45,247,97
75,Thomas Bryant\bryanth01,C,21,WAS,35,643,21.9,0.719,0.155,0.294,8,24.5,16.1,7.6,1.1,3.7,9.5,16,2.1,0.6,2.7,0.201,1.3,0.4,1.7,0.6,0.686,49,57,315,128
76,Reggie Bullock\bullore01,SG,27,DET,37,1134,11.2,0.571,0.65,0.15,1.6,7.3,4.3,11.7,0.9,0.2,9.5,16.6,1.3,0.7,2,0.085,0.9,-1.4,-0.5,0.4,0.543,49,56,455,156
77,Trey Burke\burketr01,PG,26,NYK,29,576,15.8,0.491,0.245,0.228,2.6,8.2,5.3,23.4,1.4,0.3,6.8,25.8,0.4,0.1,0.5,0.045,0.2,-3.4,-3.2,-0.2,0.445,57,68,322,120
78,Alec Burks\burksal01,SG,27,TOT,44,1037,13.2,0.523,0.352,0.308,2.2,16.2,9,13.3,1.2,1.5,9.6,20.4,0.6,0.4,1.1,0.049,-1.2,-1.2,-2.3,-0.1,0.466,98,118,455,153
78,Alec Burks\burksal01,SG,27,UTA,17,269,12.7,0.547,0.377,0.333,0.8,10,5.5,11.6,1.1,1.2,10.3,23.4,0.1,0.3,0.5,0.083,-1.9,-1.4,-3.3,-0.1,0.482,33,38,143,47
78,Alec Burks\burksal01,SG,27,CLE,27,768,13.4,0.513,0.342,0.297,2.7,18.4,10.2,13.9,1.3,1.6,9.2,19.3,0.5,0.1,0.6,0.038,-0.9,-1.1,-2,0,0.459,65,80,312,106
79,Deonte Burton\burtode02,SG,25,OKC,15,131,7.9,0.504,0.283,0.13,0.8,12.1,6.3,5.2,1.1,3.2,12.6,17.3,-0.1,0.2,0.1,0.035,-6,-0.2,-6.2,-0.1,0.478,5,6,49,20
80,Jimmy Butler\butleji01,SG,29,TOT,38,1259,21,0.579,0.231,0.36,5.7,10.1,7.9,17.2,2.9,1.6,8.1,23.4,3.1,1.5,4.6,0.174,2.8,0.4,3.3,1.7,0.518,169,200,744,263
80,Jimmy Butler\butleji01,SG,29,MIN,10,361,22.4,0.579,0.287,0.389,4.7,10.8,7.7,18.6,3.2,2.4,7.1,23.1,1,0.4,1.4,0.18,3.9,1.1,5,0.7,0.525,48,61,213,74
80,Jimmy Butler\butleji01,SG,29,PHI,28,898,20.4,0.578,0.209,0.349,6.1,9.9,8,16.6,2.8,1.2,8.6,23.6,2.1,1.1,3.2,0.172,2.4,0.1,2.6,1,0.515,121,139,531,189
81,Jose Calderon\caldejo01,PG,37,DET,37,539,6.7,0.42,0.472,0.083,1.7,9.3,5.3,24.7,1.5,0.5,21.1,11.2,-0.2,0.5,0.3,0.026,-4.3,-0.6,-4.8,-0.4,0.403,7,9,94,38
82,Kentavious Caldwell-Pope\caldwke01,SG,25,LAL,47,1120,12.3,0.569,0.576,0.259,2.4,9.1,5.8,6.2,1.7,0.4,6.7,16.6,1.4,1.1,2.5,0.107,0.3,-0.9,-0.6,0.4,0.52,85,97,475,158
83,Isaiah Canaan\canaais01,PG,27,PHO,19,503,7.5,0.515,0.558,0.155,1.1,10.1,5.5,17.1,1.2,0,17.4,14.4,-0.1,0.1,0,-0.002,-2.4,-2.2,-4.6,-0.3,0.492,15,20,142,51
84,Clint Capela\capelca01,C,24,HOU,42,1436,24.6,0.642,0,0.349,15.9,26,20.8,7.5,0.9,4.5,10.1,19.5,5,1.5,6.4,0.216,1.7,1.1,2.8,1.7,0.631,109,174,739,315
85,DeMarre Carroll\carrode01,SF,32,BRK,35,864,12.1,0.544,0.545,0.395,4.3,17.9,11.1,6.4,0.7,0.4,9.5,19.2,0.8,0.6,1.3,0.075,-0.9,-1.8,-2.6,-0.1,0.487,91,118,382,117
86,Jevon Carter\carteje01,PG,23,MEM,13,196,5.4,0.375,0.617,0.05,1.1,7.8,4.4,18.6,2.8,2,15.2,16.9,-0.4,0.2,-0.2,-0.045,-5.2,0,-5.1,-0.2,0.367,2,3,46,17
87,Vince Carter\cartevi01,SF,42,ATL,42,709,11,0.548,0.665,0.102,2.9,14.5,8.6,8.5,1.7,1.7,10.5,17,0.3,0.5,0.8,0.056,-1,-1,-2,0,0.533,20,26,291,104
88,Wendell Carter\cartewe01,C,19,CHI,44,1110,15.4,0.541,0.086,0.302,8.4,21.8,15.1,11.2,1.1,4.6,13.4,19.4,0.6,1.2,1.8,0.079,-2.5,2.1,-0.4,0.5,0.493,89,112,455,180
89,Michael Carter-Williams\cartemi01,PG,27,HOU,16,145,12.9,0.476,0.311,0.426,2.3,8,5.1,23.3,3.1,3.5,12.1,24.9,0,0.1,0.1,0.036,-3,-0.8,-3.8,-0.1,0.467,12,26,69,25
90,Alex Caruso\carusal01,SG,24,LAL,2,5,1.8,,,,21.1,0,10.2,0,0,0,,0,0,0,0,0.116,-1.9,-1.3,-3.2,0,,0,0,0,0
91,Omri Casspi\casspom01,SF,30,MEM,34,483,15.3,0.598,0.295,0.384,3.5,22.1,12.6,8.8,1.6,1.8,11,18.2,0.5,0.6,1.1,0.111,-2,0.1,-1.9,0,0.572,37,56,204,76
92,Willie Cauley-Stein\caulewi01,C,25,SAC,46,1312,18,0.539,0.002,0.301,8.7,23.9,16.1,13.5,2,2,9.4,20,1.8,1.7,3.5,0.127,-0.4,2,1.6,1.2,0.53,82,152,617,267
93,Troy Caupain\caupatr01,PG,23,ORL,2,9,33.4,0.625,0.5,0,0,24.7,12.1,56.6,5.5,0,0,19.7,0.1,0,0.1,0.387,9.7,2,11.8,0,0.625,0,0,5,2
94,Tyler Cavanaugh\cavanty01,PF,24,UTA,4,9,1.1,0.25,0.5,0,12.3,12,12.1,0,0,0,0,19.2,0,0,0,-0.124,-9.4,-6.6,-16,0,0.25,0,0,2,1
95,Tyson Chandler\chandty01,C,36,TOT,42,749,12.5,0.638,0.011,0.777,12,25.5,18.9,5.6,1.2,1.9,21.2,8.9,1,1.1,2.2,0.138,-2.2,1.9,-0.3,0.3,0.617,45,73,161,58
95,Tyson Chandler\chandty01,C,36,PHO,7,89,11.8,0.653,0,1.5,8.7,41.4,24.8,9.2,1.1,0.9,26,13.1,0.1,0.1,0.2,0.095,-4.8,0.2,-4.5,-0.1,0.667,10,18,26,8
95,Tyson Chandler\chandty01,C,36,LAL,35,660,12.6,0.636,0.012,0.671,12.5,23.4,18.1,5.1,1.2,2,20.3,8.4,1,1,2,0.144,-1.9,2.2,0.3,0.4,0.61,35,55,135,50
96,Wilson Chandler\chandwi01,PF,31,PHI,32,838,8.7,0.544,0.543,0.098,5.2,13,9.3,9.7,1,1.5,14.3,11.3,0.5,0.8,1.2,0.071,-1,0.5,-0.5,0.3,0.533,13,18,209,79
97,Marquese Chriss\chrisma01,PF,21,HOU,14,94,2.5,0.388,0.467,0.167,7,22.4,14.4,7.7,1.1,2.7,25.5,20.1,-0.3,0.1,-0.2,-0.124,-9.2,-0.9,-10,-0.2,0.35,4,5,25,10
98,Gary Clark\clarkga01,PF,24,HOU,32,499,9.1,0.483,0.906,0.057,4,16.8,10.2,3.9,1.4,3.4,3.6,9.9,0.3,0.4,0.7,0.064,-2.2,0.3,-1.8,0,0.467,6,6,105,35
99,Ian Clark\clarkia01,SG,27,NOP,31,408,5.3,0.463,0.487,0.101,1.3,9.6,5.6,11.9,0.8,0.8,15.6,14.9,-0.3,0.1,-0.2,-0.026,-3.7,-2.3,-6,-0.4,0.437,11,12,115,43
100,Jordan Clarkson\clarkjo01,SG,26,CLE,46,1225,17.4,0.541,0.357,0.137,3.8,9.8,6.7,15.1,1.4,0.6,9.2,28.6,1,-0.2,0.9,0.033,1.9,-4,-2.1,0,0.516,79,93,777,307
101,John Collins\collijo01,PF,21,ATL,29,869,21.6,0.636,0.169,0.281,13.3,23.7,18.3,13.6,0.3,1.1,12.7,23.1,2.3,0.5,2.8,0.153,2.9,-1.2,1.7,0.8,0.613,78,108,550,225
102,Zach Collins\colliza01,C,21,POR,47,884,13.6,0.584,0.317,0.29,7.3,16.2,11.9,7.2,0.9,3.5,14.1,16.4,1,1,2,0.11,-0.7,1,0.4,0.5,0.544,59,75,341,127
103,Darren Collison\collida01,PG,31,IND,45,1234,15.1,0.553,0.313,0.246,1.9,9.7,5.9,27.2,2.7,0.6,15,15.8,1.7,1.9,3.6,0.141,0.3,0.6,0.9,0.9,0.515,67,84,419,155
104,Mike Conley\conlemi01,PG,31,MEM,45,1504,19.8,0.547,0.375,0.319,1.9,9.4,5.6,31.7,1.9,1,9,27.3,2.6,1.5,4.1,0.13,3.5,-1.3,2.2,1.6,0.488,194,228,891,301
105,Pat Connaughton\connapa01,SG,26,MIL,29,512,13.1,0.519,0.601,0.127,5.2,15.5,10.6,14.9,1.2,2.5,9.2,15.2,0.5,0.8,1.4,0.129,-0.3,1.3,1,0.4,0.503,14,20,173,66
106,Quinn Cook\cookqu01,PG,25,GSW,40,599,14.8,0.584,0.439,0.079,2.4,13.2,8,16.6,1.1,0.4,10.6,20.9,0.8,0.4,1.2,0.098,0.8,-2.7,-1.9,0,0.575,15,20,306,122
107,DeMarcus Cousins\couside01,C,28,GSW,1,15,29.9,0.589,0.364,0.182,7.5,34.7,21.6,34.9,3.2,5.7,7.8,36.7,0.1,0,0.1,0.286,8.2,4.8,13,0.1,0.591,1,2,14,5
108,Robert Covington\covinro01,SF,28,TOT,35,1203,13.4,0.58,0.622,0.246,2.5,14.6,8.6,5.3,2.9,3.2,10.5,15.7,0.9,1.7,2.6,0.103,0.5,2.1,2.6,1.4,0.548,68,89,465,156
108,Robert Covington\covinro01,SF,28,PHI,13,440,11,0.578,0.658,0.197,1.8,14.1,8.1,4.3,2.6,4.1,14.8,14.3,0,0.7,0.7,0.078,-1.2,2.4,1.2,0.3,0.556,17,23,147,50
108,Robert Covington\covinro01,SF,28,MIN,22,763,14.8,0.58,0.604,0.269,2.9,14.9,8.8,5.9,3.2,2.7,8.4,16.5,0.9,1,1.9,0.117,1.5,2,3.5,1.1,0.545,51,66,318,106
109,Allen Crabbe\crabbal01,SG,26,BRK,28,732,7.5,0.501,0.677,0.153,1.9,12.5,7.2,5.8,1.1,0.9,10.8,17.4,-0.2,0.5,0.2,0.016,-2,-1.1,-3.1,-0.2,0.474,30,38,265,85
110,Torrey Craig\craigto01,SF,28,DEN,40,894,8.9,0.524,0.524,0.17,7.1,12.7,9.9,5.5,1.1,2.1,13,12.6,0.4,0.8,1.2,0.065,-1.3,0.2,-1.1,0.2,0.509,23,36,239,91
111,Jamal Crawford\crawfja01,SG,38,PHO,37,635,8.7,0.463,0.412,0.245,1,6.9,3.9,27,1.1,0.9,17.8,21.5,-0.7,0,-0.6,-0.047,-4,-4,-8,-1,0.41,48,57,239,82
112,Jae Crowder\crowdja01,SF,28,UTA,46,1254,12.4,0.538,0.632,0.308,3,15.7,9.5,9,1.3,1.3,8.6,19.3,0.8,1.8,2.6,0.099,0,0.5,0.5,0.8,0.5,100,139,551,179
113,Dante Cunningham\cunnida01,PF,31,SAS,42,715,10.9,0.591,0.424,0.096,6.4,18.2,12.4,6.8,1.4,1.4,12.1,9.2,0.8,0.7,1.6,0.106,-0.3,1.1,0.8,0.5,0.576,10,12,154,59
114,Seth Curry\curryse01,SG,28,POR,41,710,8.3,0.566,0.545,0.033,1.5,6.4,4,7.1,1,0.4,12.8,14.6,0.3,0.4,0.7,0.045,-1.1,-1.6,-2.7,-0.1,0.557,7,7,240,89
115,Stephen Curry\curryst01,PG,30,GSW,35,1205,26.9,0.667,0.584,0.247,2.4,13.5,8.1,25.4,1.7,0.9,11.6,31.4,4.7,1.1,5.7,0.229,9.5,-2.1,7.4,2.9,0.625,161,174,1042,347
116,Troy Daniels\danietr01,SG,27,PHO,22,303,10.9,0.583,0.773,0.1,2.2,7.2,4.7,4.4,2.2,0.3,10.9,18.5,0.1,0.1,0.2,0.034,0.1,-3.3,-3.2,-0.1,0.564,10,11,134,45
117,Anthony Davis\davisan02,C,25,NOP,41,1519,30.8,0.595,0.145,0.441,9.8,27.7,18.9,18.8,2.2,5.8,7.5,29.7,6,2.3,8.3,0.263,5.3,3.6,8.9,4.2,0.532,303,373,1203,430
118,Ed Davis\davised01,C,29,BRK,46,829,17.6,0.627,0.011,0.466,17.5,33.4,25.4,5.6,1.4,1.5,15.2,12.9,1.9,1.2,3.1,0.178,-0.6,1.1,0.5,0.5,0.625,46,82,266,110
119,Tyler Davis\davisty01,C,21,OKC,1,1,0,0,0,0,100,0,51.7,0,0,0,0,40.6,0,0,0,-0.471,-14.7,-20.3,-35.1,0,0,0,0,0,0
120,Dewayne Dedmon\dedmode01,C,29,ATL,35,862,13.9,0.566,0.373,0.199,6.4,26,16,7.9,1.9,3.5,14.3,16.5,0.5,1.1,1.6,0.088,-2,1.7,-0.3,0.4,0.531,47,55,340,128
121,Sam Dekker\dekkesa01,SF-PF,24,TOT,27,460,16.3,0.558,0.191,0.153,7.3,14.8,10.9,8.2,3.1,0.7,7.7,17,0.6,0.3,0.9,0.094,-0.5,-0.4,-0.9,0.1,0.548,15,24,187,81
121,Sam Dekker\dekkesa01,PF,24,CLE,9,169,14.2,0.544,0.271,0.208,5.8,16.6,11,7.9,3.3,0,8.7,15,0.2,0.1,0.3,0.073,-0.7,-0.6,-1.2,0,0.51,8,10,57,22
121,Sam Dekker\dekkesa01,SF,24,WAS,18,291,17.6,0.564,0.156,0.128,8.1,13.8,10.9,8.4,2.9,1.2,7.2,18.2,0.4,0.3,0.6,0.106,-0.4,-0.3,-0.7,0.1,0.564,7,14,130,59
122,Matthew Dellavedova\dellama01,PG,28,TOT,30,437,12.9,0.597,0.537,0.162,1,9.2,5,31.9,0.7,0,22,18.8,0.5,0,0.5,0.054,-0.1,-4.8,-4.9,-0.3,0.57,19,22,174,62
122,Matthew Dellavedova\dellama01,PG,28,MIL,12,97,7.6,0.482,0.579,0.211,0,10.1,5.3,35.6,1,0,34.6,13.8,0,0.1,0.1,0.047,-5.3,-2.9,-8.2,-0.2,0.421,4,4,20,6
122,Matthew Dellavedova\dellama01,PG,28,CLE,18,340,14.5,0.616,0.53,0.154,1.3,8.9,5,30.9,0.6,0,19.4,20.2,0.5,-0.1,0.4,0.056,1.4,-5.3,-3.9,-0.2,0.594,15,18,154,56
123,Luol Deng\denglu01,SF,33,MIN,6,51,20.1,0.551,0.333,0.476,12.3,14.9,13.6,6,2.8,1.7,7.3,22.6,0.1,0.1,0.2,0.148,1.1,-1.4,-0.3,0,0.5,7,10,28,10
124,DeMar DeRozan\derozde01,SG,29,SAS,46,1632,19.4,0.529,0.049,0.33,2.4,16.4,9.5,28.7,1.4,1.1,11.3,28.8,2,1.6,3.5,0.104,0.5,0.3,0.8,1.1,0.47,224,272,999,384
125,Marcus Derrickson\derrima01,SF,22,GSW,6,34,5,0.507,0.467,0.267,6.6,6.1,6.3,0,0,2.5,15.2,24.9,-0.1,0,0,-0.052,-6,-6.9,-12.8,-0.1,0.467,3,4,17,6
126,Cheick Diallo\diallch01,PF,22,NOP,29,274,15.3,0.619,0.015,0.358,9.9,29,19.6,4.3,1.9,4,19.7,14.6,0.2,0.4,0.6,0.108,-3.2,1.1,-2.1,0,0.582,18,24,96,39
127,Hamidou Diallo\diallha01,SG,20,OKC,39,464,10.5,0.499,0.154,0.356,7.2,12.3,9.7,4.7,1.6,1.6,9.9,16.8,0.1,0.6,0.8,0.079,-4.1,-0.4,-4.5,-0.3,0.47,32,53,172,68
128,Gorgui Dieng\dienggo01,C,29,MIN,45,625,15.3,0.564,0.163,0.276,6.5,25.5,15.9,8.3,1.8,3.5,12,16.8,0.7,0.8,1.5,0.116,-2.2,1.6,-0.6,0.2,0.513,47,54,248,95
129,Spencer Dinwiddie\dinwisp01,PG,25,BRK,47,1339,17.7,0.599,0.439,0.416,1.5,7.8,4.6,28.2,1,0.6,14.1,25,3.1,0.6,3.7,0.133,3,-2.7,0.3,0.8,0.544,187,236,804,262
130,Donte DiVincenzo\divindo01,SG,22,MIL,23,358,8.5,0.492,0.645,0.103,4,11.7,8.1,9.6,1.6,1.4,13.9,15.3,-0.1,0.5,0.4,0.06,-2.4,0.5,-1.9,0,0.472,9,11,110,42
131,Luka Doncic\doncilu01,PF,19,DAL,44,1406,18.6,0.558,0.432,0.397,3.7,18.5,11.3,27,1.8,0.6,15.2,28.2,1.6,1.7,3.2,0.11,2.6,0.7,3.2,1.9,0.51,195,267,881,290
132,Tyler Dorsey\dorsety01,SG,22,ATL,23,228,7.5,0.433,0.434,0.289,4.1,15.2,9.5,9.8,1.4,0.4,9.7,18.4,-0.2,0.1,-0.1,-0.017,-4.6,-2.2,-6.8,-0.3,0.398,15,24,81,29
133,Damyean Dotson\dotsoda01,SG,24,NYK,35,886,12,0.543,0.447,0.132,2.6,13,7.6,7.8,1.7,0.4,7.1,16,0.7,0.4,1.1,0.059,-0.3,-1.2,-1.5,0.1,0.525,29,39,339,130
134,PJ Dozier\doziepj01,PG,22,BOS,4,10,25,0.583,0.333,0,21.2,21.5,21.3,0,0,0,0,26,0,0,0,0.21,1,-10.7,-9.6,0,0.583,0,0,7,3
135,Goran Dragic\dragigo01,PG,32,MIA,14,408,13.3,0.51,0.372,0.266,2.1,9,5.5,26.6,1.2,0.8,14.3,25.6,0.1,0.4,0.4,0.049,-0.5,-2.1,-2.6,-0.1,0.468,38,50,214,77
136,Andre Drummond\drumman01,C,25,DET,44,1449,20.2,0.513,0.049,0.346,16.4,33.4,24.5,6.1,2.3,4.3,13.6,23.9,0.4,3,3.4,0.112,-2.7,2.9,0.1,0.8,0.501,110,210,718,302
137,Jared Dudley\dudleja01,PF,33,BRK,43,944,7.2,0.523,0.637,0.184,2.8,10.9,6.9,9.3,1.4,1.1,15.3,11,0.2,0.7,0.9,0.044,-1.8,0.7,-1.1,0.2,0.508,22,35,215,77
138,Kris Dunn\dunnkr01,PG,24,CHI,20,610,13,0.491,0.12,0.142,0.7,15,7.8,33.8,2.2,1,16.5,21.5,-0.3,0.5,0.2,0.018,-2.4,0.1,-2.4,-0.1,0.466,26,33,243,104
139,Kevin Durant\duranke01,PF,30,GSW,46,1638,25.5,0.629,0.27,0.388,1.5,20.2,11.2,26.7,1.1,2.6,12.9,30.8,5.3,1.8,7.1,0.208,4.6,0.3,4.8,2.8,0.561,309,341,1294,447
140,Vince Edwards\edwarvi01,SF,22,HOU,1,4,32.6,0.75,1,0,27.4,0,14.1,0,0,0,0,21.9,0,0,0,0.315,13,-11.5,1.5,0,0.75,0,0,3,1
141,Henry Ellenson\ellenhe01,PF,22,DET,2,25,14.9,0.551,0.4,0.2,0,41,19.5,6.3,0,0,0,18.6,0,0,0.1,0.145,-3.6,-2.7,-6.3,0,0.5,2,2,12,4
142,Wayne Ellington\ellinwa01,SG,31,MIA,22,465,10.6,0.535,0.841,0.083,1.4,8.2,4.7,8.7,2.3,0.6,7.4,16.1,0.3,0.5,0.8,0.085,0.5,-0.9,-0.4,0.2,0.519,11,13,174,57
143,Joel Embiid\embiijo01,C,24,PHI,44,1475,25.5,0.596,0.215,0.533,7.6,33.5,21,18.3,0.8,4.6,13.4,32.8,3.3,2.6,5.9,0.192,1.6,2,3.6,2.1,0.523,344,430,1187,395
144,James Ennis\ennisja01,SF,28,HOU,31,703,11.2,0.63,0.588,0.263,4.2,8.8,6.4,4.2,1.7,1.4,9.6,12.3,1.1,0.3,1.4,0.095,0.1,-0.8,-0.7,0.2,0.619,27,42,225,81
145,Drew Eubanks\eubandr01,PF,21,SAS,12,47,20.9,0.742,0,0.571,2.4,25.4,14,6.5,1,0,10.2,18.4,0.2,0,0.2,0.205,0.1,-2.2,-2.1,0,0.714,6,8,26,10
146,Jacob Evans\evansja02,SG,21,GSW,23,99,-1.3,0.256,0.24,0.04,1.1,8.4,4.9,15.5,0.5,0.9,19.1,13.6,-0.3,0,-0.2,-0.119,-8.9,-2.3,-11.2,-0.2,0.26,0,1,13,6
147,Jawun Evans\evansja01,PG,22,PHO,4,46,1,0.2,0.2,0,2.4,22.6,12.3,22.3,2.1,0,28.6,13.2,-0.2,0,-0.1,-0.136,-9.9,0.5,-9.5,-0.1,0.2,0,0,4,2
148,Tyreke Evans\evansty01,SG,29,IND,41,840,12.5,0.492,0.353,0.243,3.3,11.6,7.6,16.1,2.6,1.1,14.2,27.3,-0.9,1.3,0.4,0.025,-2.5,-0.2,-2.8,-0.2,0.452,75,99,444,159
149,Dante Exum\exumda01,PG,23,UTA,39,637,12.7,0.53,0.252,0.368,2.6,8.5,5.6,25.5,1.1,0.6,14.5,21.5,0.5,0.7,1.2,0.089,-1.6,-1.2,-2.8,-0.1,0.47,68,86,288,101
150,Kenneth Faried\farieke01,PF,29,BRK,12,118,21.1,0.622,0.119,0.381,13.6,26.7,20.1,2.8,0.8,2.7,10.9,20,0.3,0.1,0.4,0.162,-1.6,-2,-3.6,0,0.607,10,16,61,25
151,Derrick Favors\favorde01,C,27,UTA,46,1079,20.4,0.61,0.146,0.413,13,20.5,16.8,7.1,1.6,4.3,10.8,18.9,2.3,2.1,4.4,0.197,0.8,3,3.7,1.6,0.59,93,147,513,204
152,Cristiano Felicio\feliccr01,C,26,CHI,29,288,13,0.603,0.032,0.371,9.4,21.4,15.3,7.8,0.7,0.6,15.3,13.1,0.4,0.2,0.5,0.09,-3,-0.8,-3.8,-0.1,0.565,17,23,87,35
153,Raymond Felton\feltora01,PG,34,OKC,15,166,10.8,0.438,0.395,0.118,1.8,11.4,6.5,22.8,1.7,2,12.1,22.3,-0.1,0.2,0.1,0.028,-3.9,-0.8,-4.8,-0.1,0.408,8,9,70,28
154,Terrance Ferguson\fergute01,SG,20,OKC,38,864,6,0.544,0.635,0.12,2.3,6.1,4.2,3.8,1,1,9.4,10.5,0.4,0.9,1.2,0.069,-2.2,-0.2,-2.5,-0.1,0.531,16,23,220,79
155,Yogi Ferrell\ferreyo01,SG,25,SAC,36,503,13.2,0.556,0.4,0.206,0.6,10.1,5.2,16.4,1.2,0.5,7,16.5,0.7,0.3,1,0.096,-0.3,-2.2,-2.5,-0.1,0.515,31,35,206,75
156,Dorian Finney-Smith\finnedo01,SF,25,DAL,45,1095,11.2,0.549,0.484,0.238,7.7,11.7,9.8,4.2,1.9,1.6,11.3,13.4,0.8,1.2,2,0.09,-0.6,1,0.5,0.7,0.525,45,66,336,123
157,Bryn Forbes\forbebr01,PG,25,SAS,47,1338,12,0.581,0.506,0.103,0.7,10.1,5.5,11,1.1,0.1,9.8,18.2,1.2,0.8,2,0.072,1.2,-1.8,-0.6,0.5,0.562,43,49,576,216
158,Evan Fournier\fournev01,SG,26,ORL,45,1400,11.9,0.528,0.453,0.154,1.8,9.1,5.4,18.4,1.4,0.5,12.8,23,-0.2,1,0.8,0.028,-0.4,-1.6,-2,0,0.504,71,91,668,254
159,De'Aaron Fox\foxde01,PG,21,SAC,46,1453,18.9,0.555,0.224,0.403,1.9,10.2,6,33,2.6,1.5,15.6,24.7,2.1,1.4,3.5,0.116,1.6,-0.1,1.6,1.3,0.507,182,250,811,289
160,Melvin Frazier\frazime01,SG,22,ORL,3,16,-9.7,0,0.333,0,0,6.9,3.4,0,3.1,0,25,11.1,-0.1,0,-0.1,-0.245,-14.2,0.3,-13.9,0,0,0,0,0,0
161,Tim Frazier\fraziti01,PG,28,NOP,35,678,10.9,0.555,0.436,0.171,3.8,11.3,7.6,26.4,1.2,0.4,23.4,12,0.7,0.2,1,0.069,-0.6,-1.6,-2.2,0,0.532,18,24,167,63
162,Channing Frye\fryech01,C,35,CLE,23,229,7.3,0.491,0.701,0.13,1.9,14.8,8.1,7.6,1.1,1.1,10.9,17.7,-0.1,0,-0.1,-0.021,-2.4,-3.3,-5.7,-0.2,0.468,8,10,80,26
163,Markelle Fultz\fultzma01,SG,20,PHI,19,427,10.5,0.452,0.09,0.239,6.8,10.6,8.8,19.7,1.9,0.9,12.7,19.4,-0.1,0.4,0.3,0.038,-2.9,-0.2,-3.1,-0.1,0.432,21,37,155,65
164,Danilo Gallinari\gallida01,SF,30,LAC,44,1377,19.5,0.622,0.425,0.432,3.2,16.5,10.1,12,1.1,0.7,8.4,22.6,3.9,0.9,4.9,0.17,4,-1.3,2.7,1.6,0.544,221,244,836,254
165,Langston Galloway\gallola01,SG,27,DET,43,947,10.2,0.519,0.646,0.155,3.1,8.8,5.8,7.7,1,0.3,4.2,16.2,0.9,0.7,1.6,0.08,-0.1,-1.4,-1.5,0.1,0.491,41,50,357,123
166,Marc Gasol\gasolma01,C,34,MEM,45,1520,16.9,0.534,0.324,0.3,3.4,26,14.4,22.6,1.8,3.8,13.5,22.3,0.7,2.5,3.2,0.1,-0.5,3.5,2.9,1.9,0.49,129,169,682,244
167,Pau Gasol\gasolpa01,C,38,SAS,17,248,17.3,0.569,0.138,0.448,5.8,34.6,20.4,19.2,0.4,4.4,13.7,14.3,0.4,0.4,0.8,0.158,-1.3,3.2,1.9,0.2,0.517,19,26,79,28
168,Rudy Gay\gayru01,SF,32,SAS,37,992,18,0.595,0.239,0.184,4.3,21.9,13.2,13.7,1.6,1.9,12.3,21.8,1.4,1.2,2.6,0.126,1,0.9,1.8,1,0.565,62,73,511,205
169,Paul George\georgpa01,SF,28,OKC,44,1583,23.2,0.577,0.435,0.308,4.2,19.1,11.5,17.5,3,1.2,10.3,29.2,3.6,3,6.6,0.199,4.2,1.2,5.4,3,0.526,231,277,1176,397
170,Taj Gibson\gibsota01,PF,33,MIN,44,1127,16.9,0.598,0.09,0.284,10.8,18.2,14.4,7.6,1.5,1.9,10.4,16.2,2.2,1,3.2,0.136,0.6,0.7,1.3,0.9,0.572,69,98,464,192
171,Harry Giles\gilesha01,PF,20,SAC,33,404,13,0.496,0.03,0.25,7.5,21.2,14.2,17.3,2.7,2.5,18.4,23.5,-0.4,0.6,0.2,0.026,-3.9,2,-2,0,0.482,23,42,185,81
172,Shai Gilgeous-Alexander\gilgesh01,PG,20,LAC,45,1167,12.5,0.557,0.188,0.275,2.9,8,5.5,15.8,1.9,1.8,17,17.5,0.5,0.8,1.3,0.055,-0.9,0.3,-0.6,0.4,0.511,81,98,446,171
173,Rudy Gobert\goberru01,C,26,UTA,47,1479,24.4,0.676,0,0.688,12.8,32.3,22.7,10.8,1.4,5.2,12.1,17.4,4.8,3.4,8.2,0.267,1.9,5.3,7.2,3.5,0.656,180,276,706,263
174,Brandon Goodwin\goodwbr01,PG,23,DEN,12,45,9.8,0.435,0.235,0.647,0,4.9,2.4,34.1,0,0,8.4,22.7,0.1,0,0.1,0.065,-3.9,-7,-10.9,-0.1,0.294,9,11,19,4
175,Aaron Gordon\gordoaa01,PF,23,ORL,43,1442,15.6,0.542,0.324,0.248,5.2,19.5,12.3,15.7,1.2,1.7,11.3,21.7,1,1.5,2.5,0.084,0,0.8,0.8,1,0.511,102,140,678,255
176,Eric Gordon\gordoer01,SG,30,HOU,34,1114,11.1,0.513,0.585,0.196,1.4,7.5,4.4,10.8,0.8,1.1,8.7,23.1,0.4,0.2,0.5,0.023,-1,-3.4,-4.5,-0.7,0.479,78,97,551,191
177,Marcin Gortat\gortama01,C,34,LAC,38,636,13.6,0.567,0,0.28,10.2,25.5,18.2,12.7,0.4,2.5,18.9,14.5,0.6,0.6,1.3,0.096,-1.7,1.5,-0.2,0.3,0.535,32,44,200,84
178,Devonte' Graham\grahade01,PG,23,CHO,25,316,12,0.509,0.55,0.14,0.3,9.2,4.8,24.4,2.3,0,11.7,16.3,0.3,0.3,0.5,0.078,-0.7,-2.1,-2.8,-0.1,0.475,13,14,108,38
179,Treveon Graham\grahatr01,SG,25,BRK,10,214,3.1,0.38,0.614,0.14,4.5,9.1,6.8,5,0.7,1.1,10.4,13.5,-0.3,0.1,-0.2,-0.036,-4.4,-0.9,-5.4,-0.2,0.342,7,8,46,16
180,Jerami Grant\grantje01,PF,24,OKC,45,1435,14,0.605,0.336,0.314,3.2,13.2,8.1,3.9,1.3,3.6,7.6,14.5,2.2,2.1,4.3,0.144,-0.9,1.6,0.7,1,0.577,93,131,574,217
181,Jerian Grant\grantje02,PG,26,ORL,40,702,9.5,0.495,0.487,0.156,2.1,8.5,5.3,23,2.3,0.4,19.6,12.9,0,0.6,0.7,0.047,-2.7,-0.5,-3.2,-0.2,0.481,15,24,163,61
182,Danny Green\greenda02,SG,31,TOR,46,1353,11.7,0.595,0.668,0.064,3.6,11.9,7.8,5.9,1.5,2.3,11.2,13.9,1.2,1.6,2.8,0.101,0.9,1.3,2.2,1.4,0.584,21,24,461,167
183,Draymond Green\greendr01,PF,28,GSW,32,1004,12.8,0.493,0.359,0.18,3.5,22.7,13.4,28.6,2.4,2.5,26.6,13.6,0.4,1.5,1.8,0.088,-1.5,3.2,1.7,0.9,0.465,29,39,231,91
184,Gerald Green\greenge01,SG,33,HOU,41,868,11,0.567,0.812,0.088,2.7,12.4,7.4,3.9,0.9,1.4,8.8,18.3,0.7,0.3,1,0.054,-0.3,-3.1,-3.4,-0.3,0.553,23,28,376,131
185,JaMychal Green\greenja01,PF,28,MEM,34,786,16.5,0.598,0.293,0.259,9.5,24.1,16.6,6.8,1.9,2.9,16.2,20.9,0.5,1.2,1.8,0.108,-1.4,1,-0.5,0.3,0.567,54,70,360,137
186,Jeff Green\greenje02,PF,32,WAS,43,1174,13.5,0.6,0.422,0.282,4,15.1,9.5,8.9,1,1.5,11.2,16.8,1.6,0.5,2.1,0.085,-0.1,-1,-1.2,0.2,0.548,92,103,492,172
187,Blake Griffin\griffbl01,PF,29,DET,43,1557,21.6,0.595,0.357,0.43,3.6,21.5,12.1,26.1,1.1,1.1,14.8,30.2,3,1.8,4.8,0.147,4.3,0.8,5.1,2.8,0.543,259,339,1116,378
188,Daniel Hamilton\hamilda02,SG,23,ATL,15,169,8.2,0.474,0.367,0.122,5.5,19.2,12.2,16.4,1.4,0.5,21.3,15.7,-0.1,0.1,0,-0.009,-4.4,-0.5,-5,-0.1,0.469,3,6,49,20
189,Tim Hardaway\hardati02,SG,26,NYK,40,1308,14.5,0.533,0.463,0.317,1.7,9.4,5.4,13.1,1.4,0.3,9.6,26.2,0.9,0.3,1.2,0.044,1.3,-3.1,-1.8,0,0.471,175,204,781,251
190,James Harden\hardeja01,SG,29,HOU,42,1572,30.2,0.622,0.557,0.496,2.4,17.3,9.6,43.8,2.8,1.4,16.3,40.1,6.3,1.6,7.9,0.242,11.1,0.6,11.8,5.4,0.544,423,490,1498,434
191,Maurice Harkless\harklma01,SF,25,POR,27,582,11.1,0.53,0.359,0.166,5,14.5,9.9,4.6,1.9,3.6,9.3,12.6,0.4,0.8,1.1,0.093,-1.5,2.3,0.8,0.4,0.51,17,24,165,66
192,Montrezl Harrell\harremo01,C,25,LAC,45,1148,24.8,0.639,0.013,0.538,10.6,17.8,14.3,11.3,1.8,4.3,10.1,22.7,3.6,1.4,5,0.211,3.2,1.9,5.2,2.1,0.622,150,240,705,277
193,Devin Harris\harride01,PG,35,DAL,33,488,11.6,0.531,0.554,0.327,1.1,10.1,5.7,12,2.3,1.2,10.7,18.8,0.2,0.5,0.8,0.078,-1.1,-0.3,-1.5,0.1,0.476,44,55,204,67
194,Gary Harris\harriga01,SG,24,DEN,27,817,14.6,0.534,0.376,0.228,2.8,8.6,5.7,12.9,1.6,1.1,7.1,22.2,1,0.7,1.7,0.1,0.6,-1.6,-1,0.2,0.496,65,81,418,154
195,Joe Harris\harrijo01,SG,27,BRK,43,1283,13.7,0.642,0.521,0.152,2.6,10.7,6.6,12.9,0.9,0.4,13.3,17.3,2.2,0.7,2.9,0.107,1.9,-1.1,0.8,0.9,0.62,54,64,575,209
196,Tobias Harris\harrito02,PF,26,LAC,45,1540,18.8,0.61,0.3,0.253,2.3,21.7,12.4,10.5,1.1,0.9,10.2,23.6,2.8,1.3,4.2,0.13,1.9,-0.7,1.2,1.3,0.566,155,175,939,346
197,Andrew Harrison\harrian01,SG-PG,24,TOT,17,187,6,0.443,0.472,0.34,3.5,8.5,5.9,17.2,1.1,0.9,16.5,17,-0.1,0,-0.1,-0.035,-3.5,-3,-6.6,-0.2,0.349,17,18,54,16
197,Andrew Harrison\harrian01,PG,24,MEM,1,5,4.7,0.5,0.5,0,0,0,0,0,0,0,0,18.3,0,0,0,-0.017,-4,-6.2,-10.2,0,0.5,0,0,2,1
197,Andrew Harrison\harrian01,SG,24,CLE,10,144,6.8,0.467,0.359,0.41,3,8.9,5.8,16.4,1.4,1.2,17.8,17.2,-0.1,0,-0.1,-0.031,-3.7,-2.5,-6.3,-0.2,0.346,16,16,43,12
197,Andrew Harrison\harrian01,SG,24,NOP,6,38,3.2,0.349,0.833,0.167,5.7,8.1,6.9,22.2,0,0,13.4,16.2,0,0,0,-0.051,-2.6,-4.6,-7.2,-0.1,0.333,1,2,9,3
198,Shaquille Harrison\harrish01,PG,25,CHI,37,648,11.4,0.459,0.245,0.352,2.3,14.4,8.3,14.2,3.5,1.6,11,17.4,-0.5,0.8,0.3,0.023,-3.7,1.6,-2.1,0,0.423,42,69,208,77
199,Josh Hart\hartjo01,SG,23,LAL,47,1282,10.5,0.534,0.592,0.188,2,13.1,7.7,7.1,2,1.8,10,14.5,0.4,1.8,2.1,0.079,-1.2,1.4,0.2,0.7,0.512,49,70,431,153
200,Isaiah Hartenstein\harteis01,PF,20,HOU,23,185,9.6,0.557,0.167,0.389,11.3,12.6,11.9,9.2,1.1,4.1,22.2,12.8,0.2,0.1,0.3,0.076,-2.9,0.9,-2,0,0.5,11,14,47,17
201,Udonis Haslem\hasleud01,C,38,MIA,3,14,-4.6,0.333,0.333,0,7.5,30.1,18.8,0,0,0,25,24.4,-0.1,0,-0.1,-0.237,-16.1,-7.5,-23.6,-0.1,0.333,0,0,4,2
202,Gordon Hayward\haywago01,SF,28,BOS,41,1078,14.5,0.535,0.417,0.248,3.3,15.6,9.4,19.3,1.7,0.8,12.1,19.2,1.1,1.5,2.6,0.115,-0.1,0.5,0.4,0.7,0.489,79,94,450,160
203,John Henson\hensojo01,C,28,MIL,14,188,17.3,0.553,0.463,0.149,9.4,28.6,19.6,10.1,1.7,5,14.4,18.7,0.1,0.5,0.6,0.15,-1.6,3.2,1.7,0.2,0.545,6,10,79,31
204,Juan Hernangomez\hernaju01,PF,23,DEN,43,1092,13.2,0.634,0.581,0.3,5.6,16.3,10.9,5.1,0.9,1.5,9.5,12.8,2,1,2.9,0.13,0.9,-0.4,0.5,0.7,0.598,62,78,373,125
205,Willy Hernangomez\hernawi01,C,24,CHO,37,518,21.5,0.589,0.139,0.473,16.5,28,22.2,11,1,2.2,13.5,23.2,1.2,0.6,1.9,0.172,0.8,-0.3,0.5,0.3,0.55,65,95,286,104
206,Mario Hezonja\hezonma01,SF,23,NYK,38,694,9.9,0.473,0.345,0.207,2.2,18.3,9.9,8.2,2.4,0.6,12.3,20.8,-0.8,0.6,-0.3,-0.018,-3.9,-1,-4.9,-0.5,0.445,39,57,284,109
207,Buddy Hield\hieldbu01,SG,26,SAC,46,1443,17.7,0.607,0.463,0.119,4.1,12.3,8.1,10.8,0.7,0.9,9.9,24.8,2.5,0.7,3.2,0.107,3.3,-2.5,0.8,1,0.587,76,88,944,356
208,Haywood Highsmith\highsha01,SF,22,PHI,1,5,22.7,0.75,1,0,0,0,0,30.6,0,0,0,16.9,0,0,0,0.278,6.7,-11.9,-5.2,0,0.75,0,0,3,1
209,Nene Hilario\hilarne01,C,36,HOU,20,279,12.4,0.576,0.033,0.377,6.3,22.6,14.2,7.4,1.1,1.8,6.6,12,0.5,0.2,0.7,0.125,-2.8,-0.1,-2.8,-0.1,0.525,18,23,82,32
210,George Hill\hillge01,PG,32,TOT,33,764,12,0.561,0.356,0.231,3.4,6.9,5.2,14.8,1.9,0.3,11.6,14.7,0.9,0.5,1.5,0.092,-0.2,-1,-1.3,0.1,0.526,38,48,257,97
210,George Hill\hillge01,PG,32,CLE,13,344,13.7,0.604,0.262,0.187,3.8,5.1,4.4,16.3,1.7,0.2,14.7,17.5,0.5,-0.1,0.4,0.058,0.6,-3,-2.4,0,0.575,17,20,140,55
210,George Hill\hillge01,PG,32,MIL,20,420,10.6,0.516,0.455,0.277,3.2,8.4,5.9,13.7,2,0.4,8.1,12.4,0.5,0.6,1.1,0.121,-0.9,0.5,-0.4,0.2,0.475,21,28,117,42
211,Solomon Hill\hillso01,SF,27,NOP,28,586,6.7,0.503,0.564,0.188,4.6,11.5,8.1,6.9,1.3,1,16.1,9.2,0.1,0.2,0.3,0.027,-1.7,0,-1.7,0,0.485,12,19,110,40
212,Aaron Holiday\holidaa01,PG,22,IND,27,277,15.5,0.525,0.504,0.215,0.8,14.9,8,19.9,2.1,3.2,10.8,23.4,0.2,0.5,0.6,0.111,-0.5,0.5,0,0.1,0.479,23,26,139,50
213,Jrue Holiday\holidjr01,SG,28,NOP,46,1691,19,0.557,0.3,0.231,3.6,9.5,6.6,32.2,2.1,1.8,15.2,24.7,2.6,1.1,3.7,0.106,2.8,-0.6,2.3,1.8,0.526,138,180,958,372
214,Justin Holiday\holidju01,SG,29,TOT,46,1491,10.4,0.513,0.659,0.131,1.5,12.7,7.1,9.3,2.5,1.4,11,15.7,-0.4,1.4,1,0.031,-1.1,0.9,-0.2,0.7,0.484,52,58,481,164
214,Justin Holiday\holidju01,SG,29,CHI,38,1325,11.1,0.531,0.685,0.117,1.5,12.5,6.9,9.5,2.5,1.4,10.2,15.4,0.1,1.1,1.2,0.044,-0.3,0.9,0.6,0.9,0.506,41,46,440,151
214,Justin Holiday\holidju01,SG,29,MEM,8,166,4.7,0.378,0.449,0.245,1.3,14.9,7.9,7.8,3,1.7,16.9,18,-0.5,0.2,-0.3,-0.074,-7.5,1.2,-6.3,-0.2,0.306,11,12,41,13
215,John Holland\hollajo02,SF,30,CLE,1,1,0,,,,0,0,0,0,0,0,,0,0,0,0,-0.041,-6.2,-1.3,-7.4,0,,0,0,0,0
216,Rondae Hollis-Jefferson\holliro01,SF,24,BRK,36,837,12.3,0.462,0.105,0.404,6.3,20.1,13.2,11.5,1.6,1.7,10.2,21.1,-0.2,0.9,0.7,0.041,-4,0.9,-3.2,-0.2,0.411,84,127,342,125
217,Richaun Holmes\holmeri01,C,25,PHO,45,716,23.1,0.697,0,0.447,11.1,20.6,15.8,8.6,1.9,5.9,12.2,17.9,2.2,0.8,3,0.202,1.3,2.1,3.4,1,0.673,70,97,362,146
218,Rodney Hood\hoodro01,SG,26,CLE,39,1063,14.3,0.561,0.326,0.264,1.5,8.8,5,11.6,1.6,0.3,7.4,20.2,1.5,-0.2,1.4,0.062,0.7,-3.1,-2.4,-0.1,0.505,97,106,503,179
219,Al Horford\horfoal01,C,32,BOS,37,1039,18,0.588,0.332,0.119,5.7,18,11.8,18.9,1.3,4.2,12.8,18.2,1.7,1.7,3.4,0.159,1,2.8,3.9,1.5,0.573,33,43,447,185
220,Danuel House\houseda01,SF,25,HOU,25,620,12.6,0.631,0.645,0.355,3.5,13,8.1,6.2,1.1,1.4,11.4,14.3,1,0.3,1.3,0.102,0.2,-1.3,-1.2,0.1,0.584,45,55,226,71
221,Dwight Howard\howardw01,C,33,WAS,9,230,17.7,0.638,0,0.696,11.2,28.7,19.8,2.6,1.4,1.5,15.1,19.7,0.4,0.2,0.6,0.128,-2.9,-2.3,-5.2,-0.2,0.623,29,48,115,43
222,Kevin Huerter\huertke01,SG,20,ATL,43,1164,9.5,0.538,0.537,0.105,3.3,9.3,6.2,13.6,1.4,1.2,15.8,15.2,0.2,0.5,0.7,0.029,-1.3,-0.8,-2.1,0,0.523,28,37,396,147
223,Chandler Hutchison\hutchch01,SF,22,CHI,41,788,8.8,0.507,0.22,0.172,4,17.9,10.8,5.2,1.3,0.4,9.9,12.5,-0.1,0.5,0.4,0.027,-4.2,-0.5,-4.7,-0.5,0.495,19,32,203,86
224,Serge Ibaka\ibakase01,C,29,TOR,44,1255,18.5,0.588,0.204,0.189,7.7,19.3,13.7,7.6,0.8,3.8,11.9,23.7,1.7,1.7,3.4,0.13,-0.1,0.7,0.6,0.8,0.563,83,106,714,299
225,Andre Iguodala\iguodan01,SF,35,GSW,41,955,12.5,0.564,0.478,0.231,3.5,13.6,8.7,15.9,1.8,2.8,13.5,10.6,1.3,1,2.3,0.113,0.1,1.6,1.7,0.9,0.551,26,43,231,87
226,Ersan Ilyasova\ilyaser01,PF,31,MIL,33,626,12.7,0.551,0.405,0.16,8.3,18.3,13.6,7.1,1.7,1.1,11.2,16.3,0.6,1.1,1.7,0.132,-1,0.7,-0.2,0.3,0.52,28,32,236,89
227,Joe Ingles\inglejo01,SF,31,UTA,47,1453,12.4,0.553,0.56,0.169,1.2,12.5,6.9,23.3,2.3,0.6,17.8,17.9,0.5,2.2,2.7,0.09,0.1,1.4,1.5,1.3,0.538,52,78,548,201
228,Brandon Ingram\ingrabr01,SG,21,LAL,36,1177,11.7,0.521,0.133,0.395,2.8,12.3,7.7,13,0.8,1.5,14.4,23.3,-0.5,1.2,0.7,0.028,-3.4,-0.3,-3.7,-0.5,0.485,121,190,588,224
229,Kyrie Irving\irvinky01,PG,26,BOS,41,1329,25.1,0.604,0.355,0.2,3.8,12,7.9,36,2.3,1.3,12.1,29.4,4,2,6,0.216,6.7,0.4,7.2,3.1,0.572,124,146,959,364
230,Jonathan Isaac\isaacjo01,SF,21,ORL,40,1006,10.4,0.512,0.375,0.276,4.2,16.4,10.2,5.5,1.4,3.5,12.5,15.5,-0.2,1.2,1,0.048,-3.5,1.5,-2,0,0.46,63,76,316,112
231,Wesley Iwundu\iwundwe01,SF,24,ORL,36,607,7,0.491,0.259,0.388,2.6,10.8,6.6,6.6,1.1,1.1,11.8,14.2,-0.2,0.5,0.3,0.021,-4.6,-0.5,-5.1,-0.5,0.418,46,57,169,56
232,Demetrius Jackson\jacksde01,PG,24,PHI,6,39,21,0.656,0.4,0.267,5.7,2.6,4.1,19.8,2.4,0,5.6,19.2,0.2,0,0.2,0.233,4.4,-3.5,1,0,0.6,4,4,22,8
233,Frank Jackson\jacksfr01,PG,20,NOP,31,386,8.3,0.552,0.419,0.218,1.4,7,4.2,7.1,1,0,11.1,16.4,0.2,0,0.2,0.025,-1.9,-3.4,-5.3,-0.3,0.52,21,27,150,54
234,Jaren Jackson\jacksja02,C,19,MEM,46,1177,17.4,0.599,0.246,0.312,5.2,16.4,10.7,7.9,1.8,5.7,13,23.1,1,1.8,2.8,0.115,-1,2.1,1.1,0.9,0.56,110,142,620,236
235,Josh Jackson\jacksjo02,SG,21,PHO,47,1054,9.2,0.472,0.267,0.234,3.5,16.6,9.9,15.2,2.2,2.1,18.9,23.9,-2.2,0.8,-1.4,-0.066,-5.2,0,-5.2,-0.8,0.445,65,100,445,173
236,Justin Jackson\jacksju01,SF,23,SAC,45,970,10.5,0.559,0.545,0.173,2.5,11.6,6.9,7.9,0.9,1,6.2,13.1,1.1,0.5,1.6,0.077,-0.2,-0.9,-1.2,0.2,0.532,37,46,320,115
237,Reggie Jackson\jacksre01,PG,28,DET,45,1289,13.1,0.524,0.452,0.253,2.3,8.5,5.3,22.9,1.2,0.4,12,23,1.1,1,2.1,0.077,0.6,-1.6,-1,0.3,0.474,120,139,640,218
238,LeBron James\jamesle01,PF,34,LAL,34,1178,26.3,0.601,0.291,0.402,2.9,21.1,12.3,34.6,1.7,1.6,13.1,31.3,3.1,1.8,4.9,0.2,5.8,1.9,7.7,2.9,0.57,180,264,928,340
239,Amile Jefferson\jeffeam01,PF,25,ORL,1,4,18,0.532,0,2,26.7,0,13.6,0,0,0,0,20.8,0,0,0,0.251,0.2,-8.6,-8.4,0,0,2,2,2,0
240,Jonas Jerebko\jerebjo01,PF,31,GSW,46,882,13.6,0.6,0.551,0.227,7.1,19.8,13.7,10.7,0.9,0.9,11.4,14.9,1.6,0.8,2.4,0.128,1.2,-0.9,0.3,0.5,0.567,46,56,326,115
241,Alize Johnson\johnsal02,PF,22,IND,9,27,2,0.307,0.125,0.5,4.2,24.1,14.4,0,0,3.3,0,15.8,-0.1,0,0,-0.05,-11.6,-3.9,-15.5,-0.1,0.313,1,4,6,2
242,Amir Johnson\johnsam01,C,31,PHI,35,325,13.5,0.613,0.232,0.284,7.9,20.3,14.3,17.2,1.5,1.7,21.9,17.8,0.3,0.4,0.7,0.108,-1.3,0.6,-0.8,0.1,0.579,21,27,131,51
243,James Johnson\johnsja01,PF,31,MIA,28,580,11.3,0.515,0.374,0.163,2.2,14.7,8.4,16.3,1.4,1.5,12.5,18.3,0.1,0.7,0.8,0.067,-2,0.1,-1.9,0,0.493,24,33,224,87
244,Stanley Johnson\johnsst04,SF,22,DET,40,797,10.2,0.489,0.52,0.151,2.9,17.7,9.9,9.3,2.5,1.2,13.6,20.1,-0.7,1.1,0.4,0.027,-2.9,0.9,-2,0,0.462,36,46,317,119
245,Tyler Johnson\johnsty01,PG,26,MIA,37,927,13.5,0.554,0.491,0.226,1.8,10.4,6.1,14.8,1.9,1.7,12.2,19.6,0.6,1.1,1.7,0.089,0,0,-0.1,0.4,0.529,54,77,414,148
246,Wesley Johnson\johnswe01,SF,31,NOP,24,370,7,0.532,0.585,0.073,2.9,12.3,7.7,5.3,1.3,1.6,12.4,10.8,0.1,0.2,0.3,0.033,-1.9,-0.6,-2.5,0,0.518,5,6,90,33
247,Nikola Jokic\jokicni01,C,23,DEN,45,1397,26.8,0.592,0.244,0.297,9.7,25.6,17.6,39.1,2.1,2,16,27.3,4.6,2.2,6.7,0.231,6.3,3.3,9.6,4.1,0.544,165,196,883,333
248,Damian Jones\jonesda03,C,23,GSW,24,410,15.6,0.72,0,0.5,8.5,11.2,9.9,8.8,1.4,5.2,15.1,11.1,1,0.5,1.5,0.17,0.9,2.3,3.2,0.5,0.716,24,37,130,53
249,Derrick Jones\jonesde02,SF,21,MIA,33,602,16.4,0.576,0.263,0.363,10.3,14.4,12.3,4.5,2.4,3.4,10,16.3,0.9,1,1.8,0.146,-0.4,1.5,1.2,0.5,0.556,40,65,239,91
250,Jalen Jones\jonesja04,SF,25,CLE,16,214,11.9,0.548,0.452,0.435,5.6,12.5,8.9,4.8,2.1,0.8,9.8,16.9,0.2,0,0.2,0.049,-0.9,-2.5,-3.4,-0.1,0.5,19,27,81,26
251,Tyus Jones\jonesty01,PG,22,MIN,43,873,12.5,0.461,0.312,0.16,1.6,7.3,4.4,26.2,3,0.3,9.6,13.5,0.7,0.7,1.4,0.076,-1.2,-0.8,-2,0,0.426,32,38,234,90
252,DeAndre Jordan\jordade01,C,30,DAL,45,1401,18.1,0.674,0,0.624,11.5,36.1,24.1,9.5,1.1,2.7,22.3,14.3,2.4,2.4,4.8,0.164,-1,3.5,2.5,1.6,0.645,123,179,493,185
253,Cory Joseph\josepco01,PG,27,IND,45,1143,11.9,0.523,0.33,0.073,1.9,13.4,7.8,20.4,2.1,0.7,14.7,14,0.6,1.7,2.3,0.098,-1.2,1.3,0,0.6,0.517,14,22,327,138
254,Frank Kaminsky\kaminfr01,PF,25,CHO,23,262,16.3,0.595,0.43,0.355,7.3,16.1,11.7,14.2,0.9,1.7,14.3,20.5,0.4,0.2,0.6,0.112,0.8,-1.2,-0.4,0.1,0.57,22,33,128,46
255,Enes Kanter\kanteen01,C,26,NYK,41,1086,22.3,0.593,0.045,0.284,15.3,28.5,21.6,12.7,0.8,1.3,13.2,22.4,2.6,0.8,3.4,0.151,1.7,-0.2,1.5,1,0.551,103,126,592,241
256,Luke Kennard\kennalu01,SG,22,DET,27,542,11.4,0.551,0.48,0.111,1,15.1,7.7,10.7,0.8,0.9,10,18.2,0.3,0.5,0.8,0.068,-1.5,-0.9,-2.4,-0.1,0.54,15,22,229,88
257,Michael Kidd-Gilchrist\kiddgmi01,PF,25,CHO,38,753,15.3,0.562,0.117,0.364,9.5,15.9,12.7,6.5,1.3,3.8,9.5,16.8,1.2,0.8,2,0.127,-1,1,0,0.4,0.509,66,84,301,113
258,George King\kingge03,SF,25,PHO,1,6,2,,,,0,19.2,9.4,0,0,0,,0,0,0,0,0.003,-8.7,-1.6,-10.3,0,,0,0,0,0
259,Maxi Kleber\klebima01,PF,27,DAL,40,762,13.7,0.574,0.573,0.226,6.2,15.2,10.8,5.4,1.3,5.5,10.6,13.7,0.8,1.1,1.9,0.118,-0.8,2.6,1.9,0.7,0.54,36,45,251,89
260,Brandon Knight\knighbr03,PG,27,HOU,12,118,0.8,0.347,0.681,0.234,0.9,7.9,4.3,10.9,0.8,0,8.8,21.1,-0.3,0,-0.3,-0.121,-6.7,-4.9,-11.6,-0.3,0.287,9,11,36,11
261,Kevin Knox\knoxke01,PF,19,NYK,37,1007,9.4,0.483,0.408,0.244,3,13.6,8,5.1,1,0.9,9.1,22,-0.7,0.3,-0.4,-0.018,-2.8,-2.8,-5.6,-0.9,0.449,74,105,461,163
262,Furkan Korkmaz\korkmfu01,SG,21,PHI,38,570,11.3,0.519,0.602,0.16,2.5,14.7,8.8,11.4,2.1,0.3,9.1,17.9,0.2,0.6,0.9,0.074,-0.9,-1.1,-2.1,0,0.49,27,33,229,81
263,Luke Kornet\kornelu01,PF,23,NYK,22,342,18,0.611,0.683,0.192,4.1,13.8,8.7,13.8,1.7,2.9,9.1,17.7,0.8,0.2,1,0.138,2.9,-0.5,2.4,0.4,0.583,19,23,159,52
264,Kyle Korver\korveky01,SG-PF,37,TOT,41,755,12.5,0.623,0.708,0.172,0.7,11,5.8,7.9,0.7,1,10.9,18.6,0.9,0.5,1.4,0.089,0.8,-2.2,-1.4,0.1,0.597,39,46,358,119
264,Kyle Korver\korveky01,PF,37,CLE,16,251,11.5,0.65,0.711,0.211,0,13.5,6.5,10.2,0.6,0.7,17,17.6,0.3,-0.1,0.2,0.036,0.1,-3.7,-3.7,-0.1,0.625,13,16,108,35
264,Kyle Korver\korveky01,SG,37,UTA,25,504,13,0.612,0.707,0.157,1.1,9.8,5.5,6.7,0.8,1.1,8.1,19,0.6,0.6,1.2,0.115,1.2,-1.4,-0.3,0.2,0.586,26,30,250,84
265,Kosta Koufos\koufoko01,C,29,SAC,27,356,12.3,0.473,0,0.129,11.1,27,18.9,9.5,1.6,2.9,15.1,14.7,0,0.5,0.5,0.068,-3.9,2.1,-1.8,0,0.475,5,13,101,48
266,Rodions Kurucs\kurucro01,SF,20,BRK,30,616,13.5,0.602,0.371,0.219,5.2,13.8,9.5,5.5,1.4,1.1,12.9,18.4,0.7,0.5,1.2,0.093,-0.7,-0.8,-1.5,0.1,0.56,42,46,277,104
267,Kyle Kuzma\kuzmaky01,SF,23,LAL,45,1490,15.3,0.564,0.401,0.233,2.6,15.7,9.4,11.1,1,1,10.9,24.1,1.1,1.7,2.8,0.09,0.1,-0.8,-0.6,0.5,0.533,124,163,870,329
268,Skal Labissiere\labissk01,PF,22,SAC,11,99,6.4,0.518,0.37,0.407,2,19.2,10.5,5.2,0.9,1.7,15.9,15.9,-0.1,0.1,0,0.007,-5,-1.1,-6.1,-0.1,0.5,6,11,33,12
269,Jeremy Lamb\lambje01,SG,26,CHO,42,1216,16.5,0.552,0.31,0.249,3,17.9,10.4,10.6,1.7,0.8,6.6,21.9,1.7,1.2,2.8,0.112,0.4,-0.7,-0.3,0.5,0.506,112,130,640,235
270,Zach LaVine\lavinza01,SG,23,CHI,40,1358,17.2,0.557,0.28,0.316,1.6,12.3,6.9,23.1,1.3,1.1,14.6,31.3,0.1,0.7,0.8,0.029,0.8,-1.8,-1,0.3,0.498,196,227,912,323
271,Jake Layman\laymaja01,SF,24,POR,36,567,14.9,0.627,0.461,0.133,5.1,11.6,8.4,4.6,1.4,1.3,8.6,15.7,1,0.5,1.5,0.127,1.1,-0.9,0.2,0.3,0.617,17,24,239,96
272,T.J. Leaf\leaftj01,PF,21,IND,25,189,12.9,0.531,0.242,0.177,9.1,16.7,13,8.2,0.8,0.9,9.5,17,0.2,0.2,0.4,0.101,-1.9,-1,-3,0,0.524,6,11,71,31
273,Courtney Lee\leeco01,SG,33,NYK,10,149,14.1,0.527,0.333,0.267,4,13.2,8.4,13.9,2.6,1.1,7.4,15.4,0.2,0.1,0.3,0.091,-0.5,-0.1,-0.6,0.1,0.5,8,12,53,20
274,Damion Lee\leeda03,SG,26,GSW,16,195,10.8,0.612,0.534,0.224,1.7,13.9,8,2,2,0,11.2,15.7,0.1,0.2,0.3,0.076,-1.4,-2.6,-4,-0.1,0.578,11,13,78,27
275,Alex Len\lenal01,C,25,ATL,41,829,15.7,0.556,0.221,0.341,11.4,18.9,15.1,7.5,0.8,4.2,13.9,22.2,0.6,0.7,1.2,0.072,-1.8,-0.4,-2.2,0,0.526,77,116,435,168
276,Kawhi Leonard\leonaka01,SF,27,TOR,36,1259,27.3,0.613,0.253,0.403,4.4,19.7,12.2,15,2.7,1.2,8.3,30.3,4.2,2.1,6.3,0.24,4.9,0.9,5.7,2.4,0.55,237,278,995,347
277,Meyers Leonard\leoname01,C,26,POR,44,638,15.8,0.647,0.453,0.201,6.6,23.2,15.1,11.9,0.9,1.1,14.5,15.2,1.3,0.7,2,0.154,1.2,0.3,1.5,0.6,0.617,31,36,252,93
278,Jon Leuer\leuerjo01,PF,29,DET,29,322,14.1,0.631,0.098,0.293,7.1,19.8,13.1,5.4,1.8,0.8,16.1,16.4,0.4,0.4,0.8,0.116,-2.5,0.2,-2.3,0,0.598,21,27,131,55
279,Caris LeVert\leverca01,SF,24,BRK,14,416,18.4,0.557,0.299,0.299,3.6,12,7.8,21.2,2,0.9,11.5,26.9,0.5,0.4,0.9,0.105,1.5,-0.7,0.8,0.3,0.522,44,61,257,97
280,Damian Lillard\lillada01,PG,28,POR,47,1657,23.4,0.588,0.404,0.35,2.5,10.6,6.6,28.5,1.3,1.1,11.1,30.1,5.1,1.4,6.5,0.188,6.1,-1.3,4.8,2.8,0.521,285,316,1227,402
281,Jeremy Lin\linje01,PG,30,ATL,40,783,16.5,0.601,0.349,0.45,1.9,11.5,6.6,28,1.9,0.7,18.1,22.6,1.2,0.5,1.7,0.102,0.6,-2,-1.4,0.1,0.532,112,134,429,141
282,Shaun Livingston\livinsh01,PG,33,GSW,35,542,12.4,0.517,0.015,0.292,5,8.2,6.7,16.1,1.7,2.5,12,13.9,0.6,0.5,1.1,0.095,-2,0.3,-1.7,0,0.467,32,40,160,64
283,Zach Lofton\loftoza01,SG,26,DET,1,4,-10,0,1,0,0,0,0,0,12.2,0,50,21.3,-0.1,0,0,-0.444,-16.8,8.1,-8.7,0,0,0,0,0,0
284,Kevon Looney\looneke01,C,22,GSW,46,973,16.6,0.629,0.038,0.313,13.9,15.7,14.8,11.6,1.1,3.3,11.4,11.9,2.7,1,3.7,0.181,2,1.7,3.6,1.4,0.623,39,66,302,131
285,Brook Lopez\lopezbr01,C,30,MIL,45,1243,13.7,0.592,0.691,0.135,1.7,12.2,7.3,4.9,0.8,6.4,8.6,16.9,1.1,2.2,3.3,0.126,-0.1,2.3,2.2,1.3,0.572,47,58,539,190
286,Robin Lopez\lopezro01,C,30,CHI,38,626,11,0.555,0.086,0.171,8.1,9.8,9,8.8,0.5,4.3,20.2,17.9,-0.2,0.3,0.1,0.006,-4.1,0.3,-3.7,-0.3,0.537,22,32,223,98
287,Kevin Love\loveke01,PF,30,CLE,4,136,15.7,0.478,0.369,0.508,8,37.7,22.3,15.9,0.4,0.6,11.2,29.1,0,0,0.1,0.018,-1.8,-2.7,-4.5,-0.1,0.377,27,33,76,21
288,Kyle Lowry\lowryky01,PG,32,TOR,37,1261,17.4,0.552,0.585,0.269,1.6,12.3,7.1,37.5,2.1,1.1,17.7,19.4,2.3,1.6,3.8,0.146,2.7,0.2,2.9,1.5,0.506,93,112,515,173
289,Jordan Loyd\loydjo01,PG,25,TOR,4,22,23,1.042,0.5,1,5,28.8,17.2,12.3,0,0,25.8,15.2,0.1,0,0.1,0.29,4.2,-1.4,2.8,0,1,4,4,12,3
290,Timothe Luwawu-Cabarrot\luwawti01,SF,23,OKC,20,121,3.8,0.392,0.524,0.143,3.3,11.3,7.3,4.3,1.5,0.7,10.1,16.7,-0.2,0.2,-0.1,-0.02,-6.4,-1.6,-8,-0.2,0.369,4,6,35,13
291,Tyler Lydon\lydonty01,PF,22,DEN,17,70,11.2,0.661,0.6,0.133,7.8,12.5,10.1,5.7,1.4,0,15.9,11.6,0.1,0.1,0.2,0.105,0,-1.7,-1.7,0,0.667,1,2,21,8
292,Trey Lyles\lylestr01,PF,23,DEN,43,816,13.2,0.505,0.392,0.256,4.5,20.4,12.4,10.9,1.4,2.1,11.6,23.5,-0.1,1,0.9,0.054,-2.4,-0.7,-3,-0.2,0.472,64,91,399,150
293,Shelvin Mack\macksh01,PG,28,MEM,44,1019,12.1,0.518,0.328,0.22,1.9,8.1,4.9,23,1.9,0.3,12.4,18.2,0.4,0.9,1.3,0.059,-1.5,-1.4,-2.9,-0.2,0.491,50,71,367,138
294,Daryl Macon\maconda01,SG,23,DAL,2,4,32.4,1,0,0,0,0,0,0,12.1,0,0,10.7,0,0,0,0.335,6.9,7.1,14,0,1,0,0,2,1
295,J.P. Macura\macurjp01,SG,23,CHO,1,14,0.5,0.25,0.5,0,0,15.5,7.7,20.3,0,0,0,24.5,-0.1,0,-0.1,-0.206,-8.1,-4.7,-12.8,0,0.25,0,0,4,2
296,Ian Mahinmi\mahinia01,C,32,WAS,26,367,14,0.579,0.159,0.826,11.2,17.1,14.1,7.5,2.5,3.2,15.3,12.9,0.5,0.4,0.9,0.122,-1.3,1.8,0.4,0.2,0.514,38,57,109,35
297,Thon Maker\makerth01,C,21,MIL,34,405,13.1,0.546,0.582,0.276,4.6,19.1,12.3,5.6,1.2,3.8,5.7,16.6,0.4,0.8,1.1,0.135,-1.4,0.8,-0.5,0.1,0.537,20,37,164,59
298,Boban Marjanovic\marjabo01,C,30,LAC,32,329,24.4,0.665,0.016,0.637,14.7,26.1,20.6,9.3,1.2,4,18.1,25,0.9,0.4,1.3,0.196,0.7,0.4,1.2,0.3,0.605,61,79,211,75
299,Lauri Markkanen\markkla01,PF,21,CHI,23,713,15.4,0.544,0.442,0.156,3.8,21.3,12.4,5.3,1.5,2.2,9.7,25,-0.1,0.7,0.5,0.037,-1.4,-1.6,-3,-0.2,0.518,43,53,394,147
300,Jarell Martin\martija01,PF,24,ORL,27,218,8.4,0.496,0.409,0.121,3.4,19.3,11.2,8.7,0.5,2.3,11.5,16,-0.1,0.2,0.1,0.028,-4.6,-0.6,-5.1,-0.2,0.47,7,8,69,27
301,Frank Mason\masonfr01,PG,24,SAC,30,368,12.3,0.483,0.344,0.351,1.1,9.2,5.1,27.6,1.9,0.9,15.1,20.1,0,0.3,0.3,0.037,-2.2,-2.1,-4.3,-0.2,0.439,31,46,146,53
302,Wesley Matthews\matthwe02,SG,32,DAL,39,1171,11.7,0.56,0.547,0.237,1.9,6.6,4.3,12.4,1.2,0.6,10.9,19,1.1,0.8,1.9,0.077,0.5,-1.4,-0.9,0.3,0.523,81,100,522,176
303,Luc Mbah a Moute\mbahalu01,PF,32,LAC,4,61,7,0.495,0.333,0.278,3.6,8.4,6.1,4.6,0.8,1.3,9,15.5,0,0,0,0.006,-2.9,-2,-4.9,0,0.5,2,5,20,8
304,Patrick McCaw\mccawpa01,SG,23,TOT,5,77,-1.1,0.292,0.417,0,0,8.7,4.3,6.5,1.9,1,36.8,10.8,-0.3,0,-0.2,-0.152,-9,0.1,-8.9,-0.1,0.292,0,0,7,3
304,Patrick McCaw\mccawpa01,SG,23,CLE,3,53,-0.7,0.278,0.444,0,0,6.6,3.2,4.9,1.9,0,25,10,-0.2,0,-0.2,-0.147,-7.9,-1.4,-9.4,-0.1,0.278,0,0,5,2
304,Patrick McCaw\mccawpa01,SG,23,TOR,2,24,-1.9,0.333,0.333,0,0,13.2,6.7,10,2,3.4,57.1,12.6,-0.1,0,-0.1,-0.164,-11.2,3.5,-7.7,0,0.333,0,0,2,1
305,CJ McCollum\mccolcj01,SG,27,POR,46,1564,16.2,0.543,0.328,0.161,2.8,8.7,5.9,12.4,1.1,0.8,7.4,25.7,2,1.1,3.1,0.094,1.3,-1.9,-0.6,0.5,0.515,109,131,948,374
306,T.J. McConnell\mccontj01,PG,26,PHI,41,861,13.4,0.588,0.115,0.115,2.1,9.1,5.7,25.4,2.6,1,20,14,0.9,1,1.9,0.106,-1.3,0,-1.4,0.1,0.571,20,25,268,120
307,Doug McDermott\mcderdo01,SF,27,IND,45,785,10.5,0.623,0.567,0.196,1.2,6.8,4,6.1,0.7,0.6,9.3,14.9,1,0.7,1.7,0.103,0,-1.9,-1.9,0,0.592,38,44,303,107
308,JaVale McGee\mcgeeja01,C,31,LAL,40,893,20.6,0.605,0.018,0.216,11.6,19.6,15.7,5.4,1.4,8,13.9,19.4,1.2,1.7,3,0.159,-1.6,3.9,2.3,1,0.593,46,71,435,194
309,Rodney McGruder\mcgruro01,SG,27,MIA,43,1185,9.7,0.521,0.47,0.133,3.6,11.5,7.5,11.9,1.1,0.6,12.4,16,0.4,1.1,1.5,0.06,-1.3,-0.3,-1.6,0.1,0.501,37,49,406,152
310,Alfonzo McKinnie\mckinal01,SF,26,GSW,37,536,11.4,0.552,0.426,0.154,10,17.7,14,3.7,0.7,1.4,9.4,15.2,0.6,0.4,1,0.088,-1,-2.2,-3.2,-0.2,0.546,14,25,191,76
311,Ben McLemore\mclembe01,SG,25,SAC,18,145,9.2,0.508,0.65,0.15,1.4,9.5,5.4,3.7,1.9,1.2,5.9,19.5,0,0.1,0.1,0.03,-1.6,-2.8,-4.4,-0.1,0.492,6,9,65,22
312,Jordan McRae\mcraejo01,SG,27,WAS,8,35,1.2,0.182,0.273,0,3.1,12.8,7.8,7.1,1.4,2.4,0,13.4,-0.1,0,-0.1,-0.142,-9.7,-0.8,-10.5,-0.1,0.182,0,0,4,2
313,Salah Mejri\mejrisa01,C,32,DAL,14,86,17,0.647,0.091,0.364,10.2,25.7,18.2,10.7,1.1,1,10.5,14.1,0.2,0.1,0.3,0.194,-0.3,0.6,0.3,0.1,0.591,7,8,33,13
314,De'Anthony Melton\meltode01,PG,20,PHO,30,628,10,0.453,0.409,0.099,2.5,12.3,7.3,23,3.6,2.3,21.3,16.6,-0.7,0.6,-0.1,-0.004,-3.4,1.4,-2,0,0.431,15,18,171,66
315,Chimezie Metu\metuch01,PF,21,SAS,19,105,12.3,0.453,0.048,0.357,8.5,18.6,13.6,14.6,2.3,1.6,17.1,24.7,-0.1,0.1,0,-0.005,-5.2,0.3,-4.9,-0.1,0.381,12,15,44,16
316,Khris Middleton\middlkh01,SF,27,MIL,43,1330,16,0.561,0.45,0.234,1.6,16.8,9.6,18.9,1.7,0.2,12.2,24.2,1.4,2.1,3.5,0.126,0.7,0.1,0.8,1,0.52,120,142,750,263
317,C.J. Miles\milescj01,SF,31,TOR,35,504,6.8,0.452,0.654,0.2,2,10.5,6.3,5.2,1.5,1.3,8.6,18.8,-0.5,0.5,0.1,0.006,-3.1,-1.3,-4.4,-0.3,0.414,29,37,182,59
318,Darius Miller\milleda01,SF,28,NOP,41,969,8.1,0.583,0.768,0.137,0.8,6,3.4,8.4,1.2,1.4,11.8,11.9,0.7,0.3,0.9,0.047,0.2,-1.4,-1.3,0.2,0.562,26,32,288,96
319,Patty Mills\millspa02,PG,30,SAS,47,1117,12.8,0.569,0.587,0.188,1.3,9.6,5.5,16.7,1.4,0.6,11.5,17.2,1.3,0.8,2.1,0.089,1.4,-1.4,0,0.6,0.537,57,67,439,150
320,Paul Millsap\millspa01,PF,33,DEN,37,961,19.2,0.569,0.207,0.387,8.8,19.4,14.1,10.6,2.5,2.9,10.7,20.9,1.7,1.5,3.2,0.158,0.7,1.7,2.4,1.1,0.529,97,138,475,176
321,Shake Milton\miltosh01,SG,22,PHI,11,85,16.2,0.541,0.531,0.156,7.8,10.9,9.4,16.8,1.7,2.8,5.5,18,0.2,0.1,0.3,0.156,1.7,-0.6,1.2,0.1,0.516,4,5,37,13
322,Nikola Mirotic\mirotni01,PF,27,NOP,30,868,18,0.594,0.561,0.255,5.4,24.7,15.3,5.4,1.1,2.1,7.4,21.7,1.7,0.8,2.4,0.134,1.8,-1.9,-0.1,0.4,0.554,81,97,502,172
323,Donovan Mitchell\mitchdo01,SG,22,UTA,43,1415,15.6,0.522,0.359,0.229,1.8,10.1,6,19.6,2.4,0.9,11.8,30.9,-0.3,2.2,1.8,0.062,-0.1,0,-0.1,0.7,0.483,149,186,933,345
324,Naz Mitrou-Long\mitrona01,SG,25,UTA,6,27,-0.8,0.5,0.8,0,0,0,0,14.9,0,0,37.5,12.8,-0.1,0,0,-0.074,-7.9,-5.4,-13.3,-0.1,0.5,0,0,5,2
325,Malik Monk\monkma01,SG,20,CHO,42,779,12.9,0.527,0.547,0.192,1.1,8.3,4.7,15,1.5,1.1,11.7,25.4,0,0.5,0.5,0.031,-0.3,-2.9,-3.3,-0.2,0.485,65,72,429,148
326,Greg Monroe\monrogr01,C,28,TOR,31,354,14.8,0.501,0.029,0.353,16.2,24.5,20.4,5.3,1.4,1.8,14.8,23,0,0.5,0.6,0.078,-4.1,-0.8,-4.9,-0.3,0.468,31,49,161,65
327,E'Twaun Moore\mooreet01,SF,29,NOP,41,1231,11.6,0.568,0.319,0.112,2.8,5.8,4.3,9.5,1.2,0.5,8.7,16.9,1.3,0.2,1.5,0.059,0.4,-2.1,-1.8,0.1,0.554,37,49,523,213
328,Eric Moreland\moreler01,PF,27,PHO,1,5,4.1,,,,0,69.2,33.9,0,0,0,,0,0,0,0,0.077,-14,-3.8,-17.9,0,,0,0,0,0
329,Jaylen Morris\morrija01,SG,23,MIL,4,29,12.3,0.46,0.3,0.2,0,16.9,8.9,18.1,3.2,0,8.4,17.3,0,0.1,0.1,0.088,-3.7,1,-2.7,0,0.45,1,2,10,4
330,Marcus Morris\morrima03,PF,29,BOS,42,1143,16.3,0.618,0.466,0.216,3.2,20.7,11.9,7.3,1,1,9.9,21.1,1.8,1.6,3.4,0.144,0.8,-0.9,-0.1,0.5,0.583,86,99,621,221
331,Markieff Morris\morrima02,PF,29,WAS,34,883,12.5,0.543,0.439,0.223,5,16.8,10.8,9.8,1.3,1.9,11.5,19.7,0.4,0.6,1,0.052,-1.1,-0.9,-2,0,0.509,57,73,391,143
332,Monte Morris\morrimo01,PG,23,DEN,45,1079,16,0.553,0.31,0.109,1.9,9.3,5.6,23,2,0.2,6.7,17.2,2.3,0.9,3.2,0.143,1.3,-1.4,-0.1,0.5,0.535,34,42,445,180
333,Johnathan Motley\motlejo01,PF,23,LAC,6,22,37.8,0.569,0.111,0.389,25,4.6,14.5,30.9,0,3.5,4.5,42.6,0.1,0,0.1,0.295,12.4,-2,10.4,0.1,0.5,6,7,24,9
334,Emmanuel Mudiay\mudiaem01,PG,22,NYK,37,990,15.9,0.531,0.274,0.253,2.4,10,6,25,1.5,1.1,12.9,25.2,0.6,0.3,0.9,0.044,0.6,-2,-1.4,0.1,0.495,88,117,546,209
335,Jamal Murray\murraja01,PG,21,DEN,45,1523,15.4,0.528,0.327,0.194,3.1,11.4,7.3,21.8,1.2,1,12.1,25.7,1.4,1.2,2.6,0.081,0.5,-1.3,-0.8,0.5,0.492,120,143,847,320
336,Dzanan Musa\musadz01,SG,19,BRK,7,26,5.6,0.403,0.429,0.143,4.1,8.4,6.2,6.5,3.7,0,16.8,29.5,-0.1,0,-0.1,-0.183,-8,-2.4,-10.4,-0.1,0.429,0,2,12,6
337,Mike Muscala\muscami01,PF,27,PHI,40,882,10.8,0.568,0.726,0.27,5.3,14.7,10.2,8.7,0.9,2.1,12.8,14.5,0.8,0.9,1.7,0.092,-0.1,-0.2,-0.3,0.4,0.525,52,64,301,95
338,Sviatoslav Mykhailiuk\mykhasv01,SF,21,LAL,33,336,5.8,0.463,0.66,0.155,2.2,4.7,3.5,10.3,1.4,0,14.1,15.8,-0.3,0.3,0,-0.005,-3.4,-2.2,-5.6,-0.3,0.451,9,16,102,35
339,Abdel Nader\naderab01,SF,25,OKC,27,229,11,0.588,0.367,0.101,1.8,16.1,8.8,3.7,1,0.7,10.8,16.4,0.2,0.3,0.4,0.094,-3.6,-1.9,-5.4,-0.2,0.57,7,8,97,39
340,Larry Nance\nancela02,C,26,CLE,39,998,19,0.588,0.152,0.323,9.2,24.2,16.4,18.7,2.9,2.2,14.8,15.3,1.9,0.8,2.7,0.131,1.5,2.5,4,1.5,0.554,60,83,345,136
341,Shabazz Napier\napiesh01,PG,27,BRK,35,584,15.6,0.543,0.478,0.308,2,9.9,5.9,19.2,2.1,1.3,11.7,23.9,0.6,0.5,1.1,0.094,0.4,-1.2,-0.8,0.2,0.488,65,78,312,101
342,Raul Neto\netora01,PG,26,UTA,19,228,13.9,0.617,0.386,0.2,1,12.8,6.9,25.3,1.7,0,19.1,17.8,0.3,0.3,0.6,0.124,-0.7,-0.5,-1.2,0,0.579,13,14,94,36
343,Georges Niang\niangge01,PF,25,UTA,33,233,12.4,0.592,0.699,0.108,1.9,14.8,8.4,11,1.2,1,10.3,18,0.2,0.3,0.6,0.116,0,-0.7,-0.7,0.1,0.572,8,9,103,36
344,Joakim Noah\noahjo01,C,33,MEM,20,234,11.5,0.475,0,0.403,9.1,29.1,18.9,15.9,1.7,4.1,22.6,19.9,-0.3,0.4,0.1,0.018,-6.6,3.4,-3.2,-0.1,0.448,15,27,75,30
345,Nerlens Noel\noelne01,C,24,OKC,41,559,21.5,0.628,0,0.338,12.7,21,16.7,5.4,3.5,8.5,12.8,13.6,1.2,1.5,2.7,0.232,-1.1,6.5,5.5,1.1,0.599,35,48,205,85
346,Dirk Nowitzki\nowitdi01,PF,40,DAL,15,150,4.2,0.39,0.656,0.094,0,19.7,10,5.9,0.3,2.7,5.7,20.1,-0.3,0.2,-0.1,-0.045,-6.3,-1.7,-8,-0.2,0.359,6,6,52,18
347,Frank Ntilikina\ntilila01,PG,20,NYK,37,784,6.1,0.428,0.417,0.113,1.1,8.8,4.8,17.5,1.5,1.4,15.6,16.6,-1,0.3,-0.7,-0.045,-4,-1.3,-5.3,-0.6,0.407,21,28,222,85
348,James Nunnally\nunnaja01,SF,28,TOT,15,102,7.3,0.503,0.735,0.118,0,5.4,2.6,9.7,0.5,0,2.7,15.4,0.1,0,0.1,0.034,-1.5,-4.8,-6.3,-0.1,0.471,4,4,36,12
348,James Nunnally\nunnaja01,SF,28,MIN,13,64,12.1,0.593,0.619,0.19,0,6.8,3.3,11.1,0.8,0,4.2,15.6,0.1,0,0.1,0.1,0.3,-4.1,-3.8,0,0.548,4,4,27,9
348,James Nunnally\nunnaja01,SF,28,HOU,2,38,-0.8,0.346,0.923,0,0,3.1,1.5,7.4,0,0,0,15,-0.1,0,-0.1,-0.076,-4.7,-5.8,-10.5,-0.1,0.346,0,0,9,3
349,Jusuf Nurkic\nurkiju01,C,24,POR,47,1271,23.5,0.564,0.046,0.433,13.5,26.7,20.3,18.2,1.9,4.3,14.4,24.2,2.7,2.3,4.9,0.186,1.5,4.1,5.6,2.4,0.511,167,225,698,264
350,David Nwaba\nwabada01,SG,26,CLE,21,345,11.9,0.517,0.354,0.505,3.1,16.2,9.4,6.4,1.9,1.7,6.9,16.7,0.2,0.1,0.3,0.041,-2,-1.5,-3.5,-0.1,0.47,32,50,125,42
351,Royce O'Neale\onealro01,SF,25,UTA,47,829,9.2,0.582,0.451,0.149,1.7,18.6,10.3,10.2,1.6,1.2,17.7,11.8,0.2,1.3,1.5,0.089,-2.6,2.3,-0.3,0.4,0.563,20,26,217,82
352,Kyle O'Quinn\oquinky01,C,28,IND,23,185,16.9,0.51,0.139,0.139,10.5,25.2,18.1,24.4,0.8,6.8,17.3,21.8,0.1,0.4,0.5,0.122,-2,4.2,2.2,0.2,0.479,9,10,78,34
353,Semi Ojeleye\ojelese01,PF,24,BOS,33,370,8.3,0.514,0.575,0.17,4.3,11.9,8.1,4.4,0.8,0.5,8.8,14.6,0.1,0.4,0.4,0.056,-2.6,-1.7,-4.4,-0.2,0.495,12,18,117,44
354,Jahlil Okafor\okafoja01,C,23,NOP,27,240,16.9,0.56,0.011,0.301,13.1,21.1,17.2,6.5,0.8,2.4,9.5,20,0.4,0.2,0.6,0.122,-1.5,-1.9,-3.4,-0.1,0.516,22,28,118,48
355,Elie Okobo\okoboel01,PG,21,PHO,29,528,7.8,0.482,0.419,0.169,1.3,10.5,5.8,19,2,0.6,17.8,18.5,-0.5,0.2,-0.3,-0.026,-3.7,-1.8,-5.5,-0.5,0.448,24,29,178,66
356,Josh Okogie\okogijo01,SG,20,MIN,37,794,8.7,0.478,0.435,0.351,2.8,12,7.3,7.5,1.9,1.6,10.7,16.4,-0.3,0.6,0.4,0.021,-2.7,0,-2.7,-0.1,0.425,61,84,264,88
357,Victor Oladipo\oladivi01,SG,26,IND,34,1104,17.8,0.52,0.369,0.245,2.2,17.3,9.9,24.6,2.5,0.9,11.5,27.9,0.5,1.9,2.4,0.105,1.1,1,2.2,1.2,0.488,100,138,650,239
358,Kelly Olynyk\olynyke01,PF,27,MIA,43,859,14.5,0.594,0.651,0.388,4.9,17.3,11.1,12.6,1.5,1.4,15.1,19,1.1,1.1,2.2,0.122,1,0,1,0.7,0.545,84,108,387,122
359,Cedi Osman\osmande01,SF,23,CLE,45,1415,9.4,0.509,0.432,0.222,1.7,15.4,8.3,10,1.1,0.5,12.6,18.6,-0.4,-0.1,-0.5,-0.017,-1.9,-2,-3.9,-0.7,0.47,84,105,528,191
360,Kelly Oubre\oubreke01,SF,23,TOT,45,1173,14,0.55,0.424,0.298,3.4,14.9,9.1,5.2,1.7,2.5,9.1,22,0.5,0.8,1.3,0.052,-1.5,-1.7,-3.2,-0.4,0.507,111,144,602,212
360,Kelly Oubre\oubreke01,SF,23,WAS,29,755,13.5,0.545,0.433,0.279,3.4,15.6,9.4,3.9,1.7,2.3,8.1,21,0.3,0.5,0.9,0.055,-1.8,-1.7,-3.5,-0.3,0.5,68,85,373,132
360,Kelly Oubre\oubreke01,SF,23,PHO,16,418,15,0.559,0.408,0.33,3.4,13.8,8.5,7.6,1.6,3,10.9,23.9,0.2,0.2,0.4,0.047,-1.1,-1.6,-2.6,-0.1,0.52,43,59,229,80
361,Zaza Pachulia\pachuza01,C,34,DET,35,497,16.1,0.522,0.035,0.678,14.2,22.5,18.1,15.8,2.5,1.5,15.8,15.2,0.8,0.8,1.6,0.152,-0.8,3.3,2.4,0.6,0.417,60,78,156,48
362,Jabari Parker\parkeja01,PF,23,CHI,34,958,13.7,0.531,0.241,0.234,4.4,21,12.6,13.4,1,1,14.5,25.5,-0.6,0.7,0.1,0.003,-2.6,-1,-3.6,-0.4,0.5,73,100,501,198
363,Tony Parker\parketo01,PG,36,CHO,40,743,14.9,0.502,0.103,0.292,1.3,7.6,4.4,32.7,1,0.6,12.2,25.1,0.4,0.4,0.8,0.05,-1.7,-3.4,-5.1,-0.6,0.46,72,99,384,152
364,Chandler Parsons\parsoch01,SF,30,MEM,3,46,7,0.5,0.588,0,2.4,7.7,5,7,1.1,2.1,10.5,18.9,0,0,0,-0.008,-3.5,-2.1,-5.5,0,0.5,0,0,17,7
365,Patrick Patterson\pattepa01,PF,29,OKC,45,659,8.8,0.49,0.633,0.164,4.9,12.8,8.8,5,0.9,1.5,7.8,12.7,0.2,0.8,1,0.074,-2.8,-0.4,-3.2,-0.2,0.475,18,29,186,65
366,Chris Paul\paulch01,PG,33,HOU,26,862,18.1,0.544,0.455,0.291,2,12.1,6.9,38,3.1,0.8,17.1,22.8,1.5,0.8,2.3,0.126,1.8,-0.7,1.1,0.7,0.495,78,96,405,137
367,Cameron Payne\payneca01,PG,24,TOT,38,671,11.8,0.523,0.374,0.166,1.9,9.3,5.6,23.2,1.8,1,15.3,17.7,0.1,0.3,0.4,0.031,-1.9,-1.8,-3.6,-0.3,0.493,29,35,237,92
367,Cameron Payne\payneca01,PG,24,CHI,31,536,10.4,0.492,0.351,0.149,2,8.8,5.4,23.4,1.8,1,16,17.6,-0.2,0.3,0.1,0.01,-2.9,-1.5,-4.4,-0.3,0.458,22,25,176,69
367,Cameron Payne\payneca01,PG,24,CLE,7,135,17.2,0.643,0.465,0.233,1.6,11.2,6.2,22.3,1.5,1.3,12.9,17.8,0.3,0,0.3,0.114,2.2,-2.8,-0.7,0,0.628,7,10,61,23
368,Elfrid Payton\paytoel01,PG,24,NOP,15,388,14,0.542,0.198,0.191,3.3,12,7.8,29.4,2.2,0.4,21.1,19.2,0.2,0.2,0.4,0.054,-0.8,-0.9,-1.7,0,0.523,17,25,154,63
369,Theo Pinson\pinsoth01,SG,23,BRK,7,72,7.7,0.437,0.55,0.2,1.5,13.6,7.5,22.9,0.7,0,15.5,15.3,0,0,0,0.012,-3.7,-2,-5.7,-0.1,0.375,4,4,19,7
370,Mason Plumlee\plumlma01,C,28,DEN,45,897,18.3,0.598,0.017,0.476,11.2,21.3,16.2,17.8,2.5,3.9,19.1,16.5,1.4,1.5,2.9,0.156,0.3,3.9,4.2,1.4,0.608,53,110,334,140
371,Miles Plumlee\plumlmi01,C,30,ATL,18,173,18.9,0.654,0,0.625,9.6,14.4,11.9,15,1.6,2,14,16.7,0.4,0.1,0.5,0.146,0.2,-0.1,0.2,0.1,0.667,16,30,80,32
372,Jakob Poeltl\poeltja01,C,23,SAS,43,663,19.1,0.639,0,0.365,16.1,19.3,17.7,11.2,0.6,3.9,14.8,14.4,1.8,0.7,2.5,0.184,1.8,1.7,3.6,0.9,0.635,34,58,236,101
373,Quincy Pondexter\pondequ01,SF,30,SAS,34,194,13.5,0.656,0.4,0.943,3.4,15.7,9.6,10.6,2,0.4,16.8,13.6,0.3,0.2,0.6,0.136,-0.1,-0.3,-0.4,0.1,0.557,26,33,65,17
374,Otto Porter\porteot01,SF,25,WAS,33,957,16.1,0.578,0.387,0.151,3.5,18.5,10.8,9.6,2.5,1.7,8.5,17.9,1.1,0.9,2,0.101,0.2,0.5,0.7,0.6,0.558,40,52,424,166
375,Bobby Portis\portibo01,PF,23,CHI,15,344,16.1,0.502,0.259,0.229,9.7,26.2,17.9,10.5,1,1.8,10.1,26.8,-0.1,0.3,0.2,0.033,-2.2,-1.4,-3.7,-0.1,0.471,28,39,188,72
376,Dwight Powell\poweldw01,C,27,DAL,41,679,20.1,0.65,0.276,0.561,9.6,17.8,13.8,9.8,1.4,2.9,11.6,19.6,2,0.9,2.8,0.201,2,0.9,2.9,0.8,0.602,92,124,358,127
377,Norman Powell\powelno01,SG,25,TOR,26,478,13.2,0.587,0.417,0.16,0.7,10.4,5.6,11.4,2.1,1,11.2,17,0.5,0.6,1,0.105,-0.3,0,-0.3,0.2,0.561,21,25,196,76
378,Alex Poythress\poythal01,PF,25,ATL,18,243,12.8,0.593,0.277,0.323,10.2,15.6,12.9,7.7,0.6,2.8,11.9,14.1,0.3,0.1,0.5,0.095,-1.1,-0.6,-1.7,0,0.592,11,21,88,35
379,Zhou Qi\qizh01,PF,23,HOU,1,1,81.5,1,0,0,0,0,0,0,0,0,0,43.8,0,0,0,1.265,22.7,-13.2,9.5,0,1,0,0,2,1
380,Ivan Rabb\rabbiv01,PF,21,MEM,17,118,20.1,0.652,0.053,0.342,17.1,29.9,23.3,16.4,0.4,2.4,22.9,22,0.2,0.2,0.4,0.145,-0.7,0.7,-0.1,0.1,0.632,9,13,57,24
381,Chasson Randle\randlch01,PG,25,WAS,15,236,11,0.585,0.464,0.29,2.7,6.6,4.7,16.9,1.8,0.4,17.9,17.1,0.2,0.1,0.2,0.049,-1.2,-2.6,-3.8,-0.1,0.543,16,20,91,31
382,Julius Randle\randlju01,C,24,NOP,45,1328,21.8,0.614,0.141,0.475,8,24.6,16.5,15.1,0.9,1.6,13.1,26.3,3.2,1.1,4.3,0.155,2.1,-0.5,1.5,1.2,0.567,213,289,903,331
383,J.J. Redick\redicjj01,SG,34,PHI,45,1400,15.2,0.601,0.568,0.25,0.8,6.6,3.8,13.7,0.6,0.4,8.5,22.8,2.7,0.7,3.4,0.116,2.5,-3.8,-1.2,0.3,0.555,140,156,831,278
384,Davon Reed\reedda01,SG,23,IND,4,10,-5.5,0,0,0,0,0,0,0,0,0,0,4.4,0,0,0,-0.084,-9.2,-0.6,-9.8,0,0,0,0,0,0
385,Josh Richardson\richajo01,SG,25,MIA,42,1448,14.9,0.538,0.436,0.228,2.5,9.4,5.9,17.9,1.5,1.3,9.3,22.7,1.8,1.5,3.2,0.107,1.4,-0.7,0.7,1,0.494,125,145,753,262
386,Malachi Richardson\richama01,SG,23,TOR,21,102,1.1,0.481,0.862,0.172,2.2,11.4,6.9,0,0.5,0,20.4,16.6,-0.2,0.1,-0.1,-0.063,-6,-4.6,-10.6,-0.2,0.448,4,5,30,9
387,Austin Rivers\riverau01,SG-PG,26,TOT,42,1183,8.3,0.517,0.577,0.176,1.4,8.9,5.1,12.5,1.1,1,11.5,14.9,0.2,0.3,0.6,0.022,-1.7,-1.7,-3.4,-0.4,0.509,32,59,374,138
387,Austin Rivers\riverau01,SG,26,WAS,29,683,7,0.49,0.546,0.237,1.7,9.8,5.7,11.4,1.3,1.2,14.4,15.6,-0.4,0.2,-0.2,-0.015,-3,-1.4,-4.4,-0.4,0.477,25,46,210,76
387,Austin Rivers\riverau01,PG,26,HOU,13,500,10,0.555,0.62,0.092,0.9,7.7,4.2,14,0.9,0.7,6.9,13.9,0.7,0.1,0.8,0.073,0.2,-2.1,-1.9,0,0.553,7,13,164,62
388,Devin Robinson\robinde01,SF,23,WAS,4,32,26.4,0.607,0,0.462,6.7,17.5,12,10.3,4.5,2.7,0,20.8,0.1,0,0.1,0.225,1.5,1.2,2.7,0,0.615,3,6,19,8
389,Duncan Robinson\robindu01,PF,24,MIA,4,29,6.6,0.5,1,0,0,18.2,9.1,0,1.7,0,0,8.8,0,0,0,0.065,-4.4,-2.8,-7.1,0,0.5,0,0,6,2
390,Glenn Robinson\robingl02,SF,25,DET,28,409,7.2,0.486,0.354,0.274,2.3,8.1,5,4.6,1.2,1,9.3,14.6,-0.1,0.3,0.3,0.031,-4.1,-0.6,-4.7,-0.3,0.429,26,31,123,43
391,Jerome Robinson\robinje01,SG,21,LAC,9,48,11.3,0.614,0.5,0,0,6.4,3.3,3.4,0,0,8.3,21.2,0,0,0,0.037,-0.3,-5.7,-6.1,0,0.614,0,0,27,11
392,Mitchell Robinson\robinmi01,C,20,NYK,29,491,16.9,0.642,0,0.352,12.4,11.2,11.8,5.3,1.9,8.9,13.2,10.4,1,0.6,1.5,0.149,-0.1,4.9,4.7,0.8,0.648,17,32,135,59
393,Rajon Rondo\rondora01,PG,32,LAL,14,341,14.2,0.505,0.252,0.117,3.4,14.8,9.3,37.4,1.9,0,20.4,17.9,0.2,0.4,0.7,0.092,-1.2,-0.1,-1.3,0.1,0.495,8,13,118,50
394,Derrick Rose\rosede01,PG,30,MIN,35,1028,19.8,0.57,0.224,0.215,2.3,8,5.1,27.5,1.1,0.8,9.4,26.3,2.2,0.3,2.6,0.12,3.1,-2.6,0.4,0.6,0.532,98,114,663,256
395,Terrence Ross\rosste01,SG,27,ORL,46,1202,14.4,0.555,0.499,0.124,1.2,11.9,6.5,9.2,1.7,1.3,7.7,23,0.5,1.1,1.6,0.065,0.2,-1.4,-1.2,0.3,0.534,56,68,640,239
396,Terry Rozier\roziete01,PG,24,BOS,46,1042,12.4,0.485,0.503,0.146,2.3,16.9,9.6,17.5,1.9,1.1,9.3,18.4,0.3,1.6,1.9,0.086,-1.3,0.8,-0.5,0.4,0.459,43,55,390,141
397,Ricky Rubio\rubiori01,PG,28,UTA,40,1168,12.5,0.51,0.366,0.245,1.4,11.7,6.6,31.8,2.2,0.6,19.6,23.1,-0.3,1.8,1.4,0.059,-1.4,0.6,-0.7,0.4,0.461,94,111,512,181
398,D'Angelo Russell\russeda01,PG,22,BRK,46,1359,18.4,0.532,0.41,0.107,1.8,11.9,6.8,37.7,1.8,0.8,14,30.1,1.2,1.1,2.3,0.081,2.9,-1,1.8,1.3,0.513,68,84,872,342
399,Domantas Sabonis\sabondo01,C,22,IND,43,1089,24.1,0.665,0.02,0.412,11.9,30.1,21.2,17.9,1.3,1.7,16.7,23.3,3.2,2.1,5.3,0.233,2.6,2.3,5,1.9,0.629,128,169,644,255
400,Dario Saric\saricda01,PF,24,TOT,44,1113,11.8,0.541,0.469,0.206,6.1,18,12.1,8.8,1,0.4,11.8,18,0.7,0.8,1.6,0.068,-0.6,-1.2,-1.8,0.1,0.5,69,79,453,162
400,Dario Saric\saricda01,PF,24,PHI,13,396,8.2,0.496,0.53,0.227,5.9,16.9,11.6,9,0.5,0.6,14.7,18.1,-0.1,0.3,0.2,0.025,-2.4,-1.5,-3.9,-0.2,0.443,27,30,144,48
400,Dario Saric\saricda01,PF,24,MIN,31,717,13.9,0.565,0.437,0.194,6.3,18.6,12.4,8.7,1.3,0.4,10.2,17.9,0.9,0.5,1.4,0.092,0.3,-1,-0.7,0.2,0.53,42,49,309,114
401,Tomas Satoransky\satorto01,SG,27,WAS,45,1015,13.4,0.591,0.31,0.278,3.6,9.9,6.7,20.8,2,0.7,15.6,13.7,1.5,0.5,2,0.096,-0.2,-0.8,-1,0.3,0.549,56,68,325,119
402,Dennis Schroder\schrode01,PG,25,OKC,44,1269,12.7,0.497,0.29,0.199,1.7,11.4,6.4,22.2,1.5,0.5,14,25.4,-0.3,1.6,1.3,0.048,-2.3,-1.1,-3.4,-0.5,0.457,105,125,678,257
403,Mike Scott\scottmi01,PF,30,LAC,45,630,9.4,0.497,0.578,0.083,3.8,21.2,12.9,8.2,1.3,1,10,14.9,0,0.6,0.6,0.046,-1.6,-0.3,-1.9,0,0.49,10,16,198,74
404,Thabo Sefolosha\sefolth01,SF,34,UTA,26,289,11.5,0.616,0.483,0.241,1.5,25.7,13.8,4.8,3.8,0.3,18.9,11.8,0,0.7,0.7,0.108,-3.2,3.2,0,0.1,0.612,8,14,79,29
405,Wayne Selden\seldewa01,SG,24,TOT,39,563,8.2,0.483,0.389,0.189,3.6,7.2,5.4,12.7,1.1,1,12,18.9,-0.4,0.4,0,-0.002,-3.5,-2.1,-5.6,-0.5,0.455,26,36,199,75
405,Wayne Selden\seldewa01,SG,24,MEM,32,455,9,0.495,0.391,0.18,3.9,7.2,5.5,12.6,1.1,1.3,11.7,19.8,-0.2,0.3,0.1,0.01,-3.1,-1.9,-5,-0.3,0.466,22,29,172,65
405,Wayne Selden\seldewa01,SG,24,CHI,7,108,4.7,0.421,0.379,0.241,2,7.1,4.5,13.3,0.9,0,13.5,15.2,-0.1,0,-0.1,-0.056,-5.4,-2.7,-8.2,-0.2,0.397,4,7,27,10
406,Collin Sexton\sextoco01,PG,20,CLE,47,1399,10,0.491,0.161,0.211,2.2,9.3,5.6,15.7,0.9,0.2,13.6,25.4,-1.2,-0.5,-1.6,-0.056,-3.2,-3.7,-6.9,-1.7,0.445,116,134,680,262
407,Landry Shamet\shamela01,SG,21,PHI,47,936,10.5,0.598,0.71,0.152,1.5,6.4,4.1,6.7,1.1,0.6,6.8,15.3,1.2,0.6,1.8,0.091,0.8,-2.4,-1.6,0.1,0.576,37,45,379,129
408,Iman Shumpert\shumpim01,SG,28,SAC,36,922,10.6,0.526,0.586,0.108,1.9,10.3,6,10.1,2.1,1.3,9.1,15.4,0.4,0.8,1.2,0.061,-0.2,0,-0.2,0.4,0.505,27,32,327,117
409,Pascal Siakam\siakapa01,PF,24,TOR,47,1459,18.6,0.638,0.203,0.324,5.5,18.5,12.1,13.7,1.6,1.8,13.2,18.8,3.3,2,5.3,0.174,2,1.9,3.9,2.2,0.603,122,156,703,275
410,Ben Simmons\simmobe01,PG,22,PHI,46,1536,21.2,0.595,0,0.478,7.6,22.4,15.3,37.7,1.8,1.8,20.1,22.1,3.1,2.2,5.3,0.166,2,2.7,4.8,2.6,0.584,145,254,765,310
411,Jonathon Simmons\simmojo02,SG,29,ORL,36,743,7.3,0.443,0.279,0.233,2.6,9.6,6,15.7,1.1,1.5,14.8,20.2,-1.1,0.5,-0.6,-0.038,-5.2,-0.9,-6.1,-0.8,0.395,49,61,256,95
412,Anfernee Simons\simonan01,SG,19,POR,10,57,-4.8,0.291,0.333,0.167,0,12.6,6.5,9.6,0,0,18.9,23.7,-0.3,0,-0.3,-0.272,-12.3,-3.6,-16,-0.2,0.292,1,4,15,7
413,Marcus Smart\smartma01,SG,24,BOS,45,1185,13.2,0.564,0.619,0.267,2.9,8.7,5.8,19.9,3.3,1.2,16.3,13.7,1.4,1.9,3.3,0.134,0.7,1.7,2.4,1.3,0.527,58,75,354,116
414,Dennis Smith\smithde03,PG,21,DAL,28,776,11.4,0.534,0.349,0.242,2.1,7.9,5.1,22,2.4,1.1,20.7,22.8,-0.5,0.8,0.3,0.019,-2,0,-2,0,0.508,49,72,352,132
415,Ish Smith\smithis01,PG,30,DET,25,580,8.7,0.474,0.367,0.081,0.2,8.6,4.2,19,0.9,1,10.2,18.8,-0.2,0.5,0.3,0.024,-2.9,-1.5,-4.4,-0.4,0.464,12,18,217,89
416,J.R. Smith\smithjr01,SG,33,CLE,11,222,8,0.444,0.494,0.127,0,9.5,4.6,13.9,2.5,1.2,11.7,18.8,-0.3,0,-0.2,-0.047,-3.2,-2,-5.2,-0.2,0.418,8,10,74,27
417,Jason Smith\smithja02,C-PF,32,TOT,18,170,10.6,0.507,0.38,0.28,8.9,21.7,15.3,10.2,0.8,3.5,17.6,17,0,0.2,0.2,0.05,-3.8,0.2,-3.6,-0.1,0.45,12,14,57,19
417,Jason Smith\smithja02,C,32,WAS,12,130,11.9,0.52,0.27,0.324,9.1,22.4,15.6,12.4,0.4,3.3,14.2,16.2,0.1,0.1,0.2,0.071,-3,-0.2,-3.1,0,0.459,10,12,44,15
417,Jason Smith\smithja02,PF,32,MIL,6,40,6.4,0.468,0.692,0.154,8.3,19.5,14.3,3.1,2.3,4.3,26.5,19.9,-0.1,0.1,0,-0.018,-6.7,1.3,-5.3,0,0.423,2,2,13,4
418,Tony Snell\snellto01,SG,27,MIL,45,776,11.4,0.607,0.607,0.146,2.6,9.6,6.3,6,0.9,1,6.4,13.5,1.1,1,2.1,0.128,0,-0.6,-0.6,0.3,0.58,29,32,283,100
419,Ray Spalding\spaldra01,PF,21,DAL,1,1,0,,,,0,0,0,0,0,0,,0,0,0,0,0.004,-6.2,0.6,-5.6,0,,0,0,0,0
420,Omari Spellman\spellom01,PF,21,ATL,28,480,13.6,0.528,0.5,0.23,9.9,15.8,12.8,7.8,1.6,3.6,10.4,15.4,0.5,0.4,0.9,0.088,-0.8,0.6,-0.1,0.2,0.497,25,34,172,60
421,Nik Stauskas\stausni01,SG,25,POR,43,668,11.1,0.547,0.548,0.158,1.6,10.8,6.3,13,1,0.5,13.8,18,0.3,0.5,0.8,0.056,-0.8,-1.7,-2.5,-0.1,0.515,32,36,267,96
422,D.J. Stephens\stephdj01,SG,28,MEM,1,7,5.6,0.5,0,0,0,0,0,0,7.2,0,33.3,19.6,0,0,0,-0.123,-10,2.5,-7.5,0,0.5,0,0,2,1
423,Lance Stephenson\stephla01,SG,28,LAL,46,700,13,0.537,0.424,0.141,3,16.4,9.9,18.5,1.9,0.6,15.7,21.1,0,0.9,1,0.066,-1.4,0,-1.4,0.1,0.527,25,40,323,126
424,Edmond Sumner\sumneed01,PG,23,IND,9,34,-5.4,0.282,0.5,0.25,6.7,3.2,4.9,3.6,1.4,0,31.1,16.5,-0.2,0,-0.1,-0.193,-9.8,-1.5,-11.2,-0.1,0.313,0,2,5,2
425,Caleb Swanigan\swanica01,PF,21,POR,16,134,4.2,0.377,0.105,0.184,10.5,28.4,19.6,6.8,1.4,0,26.7,17.8,-0.4,0.2,-0.2,-0.075,-8.5,-0.1,-8.6,-0.2,0.329,6,7,31,12
426,Jayson Tatum\tatumja01,SF,20,BOS,46,1432,15.9,0.552,0.336,0.241,3.5,18.2,10.8,8.8,1.6,2.3,9.1,22.6,1.2,2.2,3.5,0.116,-0.8,0.6,-0.2,0.6,0.508,126,148,750,274
427,Jeff Teague\teaguje01,PG,30,MIN,30,915,14.9,0.522,0.276,0.379,1.3,7,4.1,36.9,1.8,1.2,17.1,18.8,1.1,0.5,1.6,0.081,-0.2,-2.2,-2.5,-0.1,0.453,90,110,353,118
428,Garrett Temple\templga01,SG,32,MEM,46,1443,9.1,0.558,0.534,0.195,1.3,10,5.6,6.5,1.6,1.6,11.3,14.3,0.1,1.4,1.5,0.051,-1.7,0.5,-1.1,0.3,0.53,56,72,447,160
429,Milos Teodosic\teodomi01,PG,31,LAC,15,150,6.7,0.557,0.675,0.175,2.2,8.8,5.7,28.9,1,0.5,32.8,18.1,-0.1,0.1,-0.1,-0.023,-2.5,-3,-5.5,-0.1,0.55,4,7,48,17
430,Jared Terrell\terreja01,SG,23,MIN,3,26,-8.1,0.155,0.333,0.167,4,4.2,4.1,9.5,3.7,3.3,18.9,25.7,-0.2,0,-0.2,-0.382,-14.9,0.1,-14.8,-0.1,0.125,1,2,4,1
431,Daniel Theis\theisda01,C,26,BOS,35,531,17.3,0.619,0.252,0.319,10.8,17.8,14.3,10.4,1,3.4,10.2,16.9,1.4,0.8,2.2,0.195,1,1.2,2.2,0.6,0.589,38,52,230,88
432,Khyri Thomas\thomakh01,SG,22,DET,11,95,11.7,0.561,0.517,0.31,2.2,12,6.9,4.7,1.5,1.8,5.7,15.7,0.1,0.1,0.2,0.105,-1.7,-0.7,-2.4,0,0.534,6,9,37,12
433,Lance Thomas\thomala01,PF,30,NYK,18,276,6.1,0.458,0.387,0.21,3.3,15.1,8.9,5,1.9,1.2,14,12.1,-0.2,0.2,0,-0.002,-4.4,0,-4.4,-0.2,0.411,11,13,62,23
434,Klay Thompson\thompkl01,SG,28,GSW,46,1579,15.9,0.549,0.406,0.127,1.5,11.2,6.5,8.7,1.8,1.7,7.5,26.5,1,1.4,2.4,0.072,0,-2,-2,0,0.529,88,109,995,390
435,Tristan Thompson\thomptr01,C,27,CLE,35,1043,18.9,0.547,0,0.258,16,26.3,20.9,11.3,1.3,1.3,12,17.7,1.9,0.4,2.2,0.103,0.6,0.1,0.7,0.7,0.526,55,85,401,173
436,Sindarius Thornwell\thornsi01,SG,24,LAC,29,150,4.5,0.536,0.308,0.5,1.5,16.3,9.2,8.6,1,1,27.4,12.4,-0.1,0.1,0,-0.01,-5,-0.2,-5.1,-0.1,0.442,11,13,34,11
437,Anthony Tolliver\tollian01,PF,33,MIN,30,453,9.2,0.615,0.88,0.24,2.3,12.2,7.2,5,1.2,1.9,14,12,0.3,0.3,0.6,0.063,-0.5,-0.6,-1.1,0.1,0.59,18,24,136,42
438,Karl-Anthony Towns\townska01,C,23,MIN,45,1494,23.9,0.597,0.283,0.317,10.4,29.2,19.6,14.4,1.3,4.8,13.3,27.3,3.2,2.1,5.3,0.171,3,2.3,5.3,2.7,0.548,195,233,1001,364
439,Gary Trent\trentga02,SG,20,POR,7,33,3.2,0.373,0.471,0.235,0,12.5,6.4,4.3,0,2.4,5.1,25.5,-0.1,0,-0.1,-0.125,-7.9,-4.4,-12.3,-0.1,0.382,1,4,14,5
440,Allonzo Trier\trieral01,SG,23,NYK,37,807,11.3,0.541,0.21,0.378,2.1,11.5,6.6,12.5,0.8,1.4,15.9,20.8,0,0.2,0.1,0.008,-2.9,-1.8,-4.7,-0.5,0.479,87,108,361,126
441,P.J. Tucker\tuckepj01,PF,33,HOU,45,1594,9.5,0.559,0.714,0.151,4.6,15.8,10,5,1.9,1,10.5,10.2,1.3,1.1,2.4,0.074,-0.4,0.8,0.4,1,0.548,30,47,371,128
442,Evan Turner\turneev01,PG,30,POR,46,1129,11.8,0.509,0.127,0.23,2.9,17.3,10.3,22.5,1.1,1,18.2,16.8,0.2,1.1,1.3,0.056,-2.3,0.9,-1.4,0.2,0.48,53,76,370,155
443,Myles Turner\turnemy01,C,22,IND,40,1116,17.9,0.567,0.189,0.232,5.7,22.1,14.1,8.8,1,8.9,11.8,20.2,0.9,2.4,3.2,0.139,-1.9,4.8,2.9,1.4,0.545,66,96,516,210
444,Ekpe Udoh\udohek01,C,31,UTA,29,162,16.4,0.724,0,0.375,6.8,16,11.5,11.1,0.9,6.5,17.7,12.1,0.3,0.3,0.6,0.181,-1.3,4.2,2.9,0.2,0.75,6,12,54,24
445,Tyler Ulis\ulisty01,PG,23,CHI,1,1,0,,,,0,0,0,0,0,0,,0,0,0,0,-0.015,-7.2,-0.2,-7.4,0,,0,0,0,0
446,Jonas Valanciunas\valanjo01,C,26,TOR,30,564,25,0.639,0.116,0.363,10.6,30.3,20.7,8.4,1.1,3.3,11.5,25.9,1.7,1,2.7,0.227,1,0.4,1.3,0.5,0.593,77,94,384,149
447,Fred VanVleet\vanvlfr01,PG,24,TOR,42,1120,13.2,0.522,0.501,0.191,1.7,8.8,5.3,22.9,1.6,0.8,11.3,17.7,1.3,1.1,2.4,0.101,0.6,-0.7,-0.1,0.5,0.488,59,72,427,150
448,Noah Vonleh\vonleno01,PF,23,NYK,44,1157,15.1,0.574,0.319,0.379,7.5,27.2,16.9,11.2,1.5,2.9,15.1,14.3,1.4,1.2,2.5,0.105,-0.7,2.1,1.4,1,0.532,79,108,382,133
449,Nikola Vucevic\vucevni01,C,28,ORL,45,1396,25.6,0.577,0.192,0.17,8.9,33.3,20.9,22.9,1.5,2.9,10,27.9,2.9,2.3,5.2,0.178,3.4,3,6.4,3,0.555,96,125,912,381
450,Dwyane Wade\wadedw01,SG,37,MIA,35,889,15.1,0.516,0.317,0.272,3.5,11.6,7.6,26.6,1.2,1.7,14.3,26.5,0.2,0.9,1.1,0.06,-0.2,-0.7,-0.9,0.3,0.486,78,115,489,183
451,Moritz Wagner\wagnemo01,C,21,LAL,14,96,11.1,0.492,0.457,0.239,5.5,19.6,12.8,10.3,1,1.6,12.1,25,-0.1,0.1,0.1,0.032,-3.4,-1.7,-5.1,-0.1,0.457,8,11,50,17
452,Dion Waiters\waitedi01,SG,27,MIA,7,108,13.7,0.516,0.574,0.093,1,15.6,8.3,21.9,0.9,0.8,9.6,24.6,0,0.1,0.1,0.054,0.3,-2.3,-2.1,0,0.537,0,5,58,24
453,Kemba Walker\walkeke02,PG,28,CHO,45,1536,21.3,0.559,0.452,0.271,1.7,11.9,6.7,27.7,1.7,1.2,10.4,31.4,2.7,1.3,4,0.124,4.8,-1.5,3.3,2,0.516,199,244,1129,392
454,Lonnie Walker\walkelo01,SG,20,SAS,1,5,20,0.75,0.5,0,0,21.7,11,0,0,0,0,17.7,0,0,0,0.179,1.6,-7.3,-5.8,0,0.75,0,0,3,1
455,John Wall\walljo01,PG,28,WAS,32,1104,18.3,0.527,0.306,0.317,1.5,10.2,5.8,39.7,2.1,2.2,16.1,29,0.5,0.7,1.2,0.051,1.1,-1.1,0,0.5,0.49,122,175,663,245
456,Tyrone Wallace\wallaty01,PG,24,LAC,35,376,9.2,0.46,0.094,0.252,4.4,12.5,8.6,8.1,1.9,1.4,9.9,19.4,-0.3,0.3,0,-0.003,-4.3,-0.7,-5,-0.3,0.453,16,35,142,62
457,Taurean Waller-Prince\princta02,SF,24,ATL,24,650,11.7,0.558,0.534,0.201,1.6,14.7,8,11.7,1.9,1.1,16,22.6,-0.1,0.5,0.3,0.024,-1.3,-1.3,-2.6,-0.1,0.523,47,56,339,119
458,Brad Wanamaker\wanambr01,PG,29,BOS,20,165,13.8,0.558,0.415,0.226,0.6,11.1,5.8,25.2,2.4,0,15.9,18.2,0.2,0.2,0.4,0.118,-1.3,-1.3,-2.7,0,0.509,11,12,65,22
459,T.J. Warren\warretj01,SF,25,PHO,41,1306,16.7,0.578,0.295,0.199,2.5,12.4,7.3,7.7,1.8,1.9,7.1,23.1,1.6,0.7,2.2,0.083,0.5,-1.6,-1.2,0.3,0.548,96,118,747,288
460,Yuta Watanabe\watanyu01,SG,24,MEM,7,47,7.5,0.448,0.308,0.462,0,25,12.2,9.6,1.1,2,16.1,18.2,-0.1,0.1,0,-0.04,-8.2,-0.1,-8.3,-0.1,0.423,3,6,14,5
461,Thomas Welsh\welshth01,C,22,DEN,9,33,13.8,0.643,0.7,0.2,0,13.2,6.6,16.8,0,0,8.4,15.5,0.1,0,0.1,0.134,1.1,-4,-3,0,0.65,1,2,14,5
462,Russell Westbrook\westbru01,PG,30,OKC,37,1315,20,0.475,0.24,0.29,4.1,27.3,15.4,46,3.3,0.8,16.6,31.4,-0.2,2.9,2.6,0.097,1.2,4.5,5.7,2.6,0.443,140,218,805,311
463,Derrick White\whitede01,PG,24,SAS,38,930,13.8,0.574,0.269,0.239,1.9,12.4,7.2,19.8,1.9,1.5,16.1,16.5,0.9,0.9,1.8,0.093,-0.1,0.5,0.5,0.6,0.544,48,63,335,131
464,Okaro White\whiteok01,PF,26,WAS,3,6,-4.5,0,1,0,18,18.6,18.3,0,0,0,0,14.2,0,0,0,-0.254,-11.1,-8.2,-19.3,0,0,0,0,0,0
465,Hassan Whiteside\whiteha01,C,29,MIA,38,981,20.9,0.525,0.039,0.405,15,35.1,25,5.4,1,8.1,11.9,22.4,0.5,2.3,2.8,0.136,-3.7,3.1,-0.6,0.4,0.532,66,156,476,204
466,Andrew Wiggins\wiggian01,SF,23,MIN,41,1403,12.4,0.496,0.301,0.272,3,10.3,6.6,10,1.5,1.4,8.8,24.1,-0.2,0.8,0.6,0.021,-1.6,-1.3,-2.8,-0.3,0.456,130,178,727,264
467,Alan Williams\willial03,PF,26,BRK,1,9,45.2,0.694,0,1,23.8,72.5,48,45.3,0,0,14.8,32.2,0.1,0,0.1,0.427,10.6,5.4,16,0,0.75,2,4,8,3
468,C.J. Williams\willicj01,SG,28,MIN,6,53,-1.9,0.357,0.429,0,0,4.1,2,7.5,0.9,0,17.6,13.5,-0.1,0,-0.1,-0.116,-7.4,-2.8,-10.2,-0.1,0.357,0,0,10,5
469,Johnathan Williams\willijo04,C,23,LAL,7,89,10.4,0.518,0,0.25,13,11.1,12,5.9,0.5,3.6,8.3,11.3,0.1,0.1,0.2,0.109,-2.2,1.1,-1.2,0,0.55,1,5,23,11
470,Kenrich Williams\willike04,SF,24,NOP,12,66,1.5,0.397,0.278,0.111,4.9,12.5,8.8,3.7,0.7,0,13.7,13.7,-0.1,0,-0.1,-0.055,-6.1,-2.9,-9,-0.1,0.361,2,2,15,6
471,Lou Williams\willilo02,SG,32,LAC,40,1019,21,0.559,0.247,0.415,1.8,9.3,5.7,31.5,1.1,0.3,12.1,31.7,2,0.4,2.5,0.115,2.9,-3,0,0.5,0.474,212,235,749,242
472,Marvin Williams\willima02,PF,32,CHO,44,1207,13.2,0.56,0.591,0.151,3.7,18.4,11,6.2,1.6,2.4,5.7,14.9,1.4,1.3,2.7,0.107,0.4,0.7,1,0.9,0.542,41,56,444,158
473,Robert Williams\williro04,C,21,BOS,21,185,20.8,0.736,0,0.286,10.9,20.9,15.9,3,1.6,14.1,16.9,11.1,0.4,0.5,0.9,0.222,-2,7.7,5.7,0.4,0.743,6,10,58,26
474,Troy Williams\willitr02,SF,24,SAC,18,286,11.2,0.55,0.471,0.172,3.2,17,10,4.6,1.6,2.4,7.9,14.8,0.2,0.3,0.5,0.076,-1.7,-0.1,-1.8,0,0.54,9,15,103,40
475,D.J. Wilson\wilsodj01,PF,22,MIL,17,311,14.5,0.592,0.466,0.193,6.4,22,14.7,7.2,1.2,3.1,7.7,14,0.5,0.6,1.1,0.163,-0.5,1.8,1.3,0.3,0.597,8,17,113,43
476,Justise Winslow\winslju01,PF,22,MIA,39,1124,13.1,0.512,0.329,0.207,3.3,16.2,9.7,21.9,1.8,0.9,14.7,20.8,0.2,1.5,1.6,0.069,-1,0.7,-0.2,0.5,0.492,57,89,479,184
477,Christian Wood\woodch01,PF,23,MIL,6,37,23.7,0.636,0.235,0.353,11.9,31.7,22.4,8.2,0,0,9.2,24.7,0.1,0.1,0.2,0.233,0.4,-3.2,-2.8,0,0.588,5,6,25,9
478,Delon Wright\wrighde01,PG,26,TOR,43,790,14.7,0.529,0.322,0.161,4.8,9.6,7.2,16.6,2.4,1.4,9.9,16.5,1,1,2,0.12,0.2,1,1.2,0.6,0.494,37,41,289,112
479,Guerschon Yabusele\yabusgu01,PF,23,BOS,26,152,10.7,0.507,0.395,0.279,8.4,10.6,9.5,8.9,1.9,4.1,15.7,16.3,0,0.2,0.3,0.083,-2.7,1.6,-1.1,0,0.465,9,12,49,18
480,Nick Young\youngni01,SG,33,DEN,4,37,2.4,0.5,0.889,0,0,3,1.5,6.8,0,2.4,18.2,12.8,0,0,0,-0.024,-4.1,-2.9,-7,0,0.5,0,0,9,3
481,Thaddeus Young\youngth01,PF,30,IND,45,1360,16.3,0.568,0.133,0.187,8.4,13.5,11,8.5,2.5,1.3,9.7,17.9,1.7,2.3,4,0.142,0.5,1.7,2.2,1.4,0.559,52,87,572,250
482,Trae Young\youngtr01,PG,20,ATL,45,1338,12.8,0.504,0.374,0.3,2.3,8.8,5.5,37.1,1.4,0.7,20.6,27.2,-0.7,0.5,-0.2,-0.008,-1.3,-2.8,-4.1,-0.7,0.451,151,189,720,250
483,Cody Zeller\zelleco01,C,26,CHO,35,857,16.5,0.618,0.069,0.329,9,18.4,13.7,12.4,1.4,2.8,14.5,15.5,1.7,0.9,2.7,0.149,0.4,1.9,2.3,0.9,0.569,64,76,327,129
484,Ante Zizic\zizican01,C,22,CLE,31,418,17.1,0.586,0,0.465,10.9,23.7,17.1,6.4,0.6,2.3,11.9,18.7,0.7,0.1,0.8,0.092,-1.9,-2.1,-4,-0.2,0.535,44,60,182,69
485,Ivica Zubac\zubaciv01,C,21,LAL,26,359,21.7,0.659,0,0.338,11.5,21.2,16.5,7.5,0.5,4.4,11.3,19.5,1.1,0.5,1.6,0.215,0,0.8,0.8,0.3,0.608,39,44,197,79
